,lbp_000,lbp_001,lbp_002,lbp_003,lbp_004,lbp_005,lbp_006,lbp_007,lbp_008,lbp_009,lbp_010,lbp_011,lbp_012,lbp_013,lbp_014,lbp_015,lbp_016,lbp_017,lbp_018,lbp_019,lbp_020,lbp_021,lbp_022,lbp_023,lbp_024,lbp_025,zernike_000,zernike_001,zernike_002,zernike_003,zernike_004,zernike_005,zernike_006,zernike_007,zernike_008,zernike_009,zernike_010,zernike_011,zernike_012,zernike_013,zernike_014,zernike_015,zernike_016,zernike_017,zernike_018,zernike_019,zernike_020,zernike_021,zernike_022,zernike_023,zernike_024,dissimilarity_0,dissimilarity_45,dissimilarity_90,dissimilarity_135,correlation_0,correlation_45,correlation_90,correlation_135,homogeneity_0,homogeneity_45,homogeneity_90,homogeneity_135,contrast_0,contrast_45,contrast_90,contrast_135,ASM_0,ASM_45,ASM_90,ASM_135,energy_0,energy_45,energy_90,energy_135
27 (2).jpg,0.020323426573426572,0.011527534965034966,0.012046547202797202,0.011746066433566434,0.010544143356643356,0.010161713286713286,0.010298295454545454,0.011281687062937062,0.011445585664335664,0.013548951048951048,0.016717657342657344,0.023710664335664336,0.032369973776223776,0.03032124125874126,0.021498033216783216,0.013603583916083916,0.010544143356643356,0.008358828671328672,0.008522727272727272,0.00857736013986014,0.008440777972027972,0.00934222027972028,0.009232954545454546,0.008031031468531468,0.5082768793706294,0.15952797202797203,0.31830988618379064,0.07703994903543358,0.030704103925856277,0.11646286623720142,0.052379064215311855,0.05227398063638567,0.03886078448110557,0.05862522050764393,0.07385477509689808,0.052336682337706546,0.0793915382644505,0.0620548643726365,0.02459345343660948,0.01849879832735192,0.07828281225380128,0.01310833815325741,0.06956840593750085,0.11358730655755393,0.12307117054354526,0.07449598253454778,0.019768295469712024,0.019856600638208717,0.07139916565275238,0.05407292377157023,0.057510614960070545,26.875449842542753,28.39170086637397,24.374552171977307,29.03716370267102,0.8187899218892016,0.8049295804240929,0.8395775397819684,0.7998693418011705,0.4708025986490841,0.46219138439786384,0.4806435169849081,0.46112562979202876,2457.4096941058788,2657.6625056982034,2172.0822884022245,2726.6037961678503,0.19883517149621624,0.1898541723002646,0.2025724335806801,0.1898039914859125,0.4459093758783462,0.43572258640133016,0.4500804745605836,0.43566499915177087
27.jpg,0.02037805944055944,0.01103583916083916,0.012210445804195804,0.011991914335664336,0.010626092657342658,0.009287587412587412,0.009943181818181818,0.011664117132867132,0.011964597902097902,0.016007430069930068,0.01740056818181818,0.023983828671328672,0.030539772727272728,0.027698863636363636,0.018547858391608392,0.014450393356643356,0.01057145979020979,0.009451486013986014,0.008304195804195804,0.008058347902097902,0.009178321678321678,0.009888548951048952,0.009069055944055944,0.007402753496503497,0.5078671328671329,0.16247814685314685,0.31830988618379064,0.0423781509250478,0.08796966773113307,0.0995876058624806,0.039878997505796786,0.02298876485657482,0.020216073222530585,0.01994100395508164,0.006933464114392271,0.05679055897837495,0.021008900365160975,0.029776431160531965,0.026729485939527984,0.015549732293993207,0.00891559629606712,0.00843516092385482,0.07757602848708726,0.040991865232044955,0.03959924732539619,0.06478692102036154,0.045149591919901845,0.03038980551135207,0.010648579852009003,0.001677428028734761,0.022764257756083615,26.107287449381328,25.994870041023102,21.26332288402184,26.25222298219989,0.8646763439514922,0.8628763204261242,0.8977767878443329,0.8606141347379103,0.469596189439639,0.4622613242007064,0.48197606174847346,0.46134590171303314,2237.773279351233,2275.8238144080465,1688.288177340629,2313.3690150464454,0.19799254945733868,0.18894657379840768,0.20202398000189006,0.18914758864890782,0.4449635372222523,0.43467985207323295,0.4494707776951579,0.43491101233345175
28 (2).jpg,0.020514641608391608,0.010981206293706294,0.011363636363636364,0.011227054195804196,0.010735358391608392,0.010161713286713286,0.009396853146853146,0.01141826923076923,0.011363636363636364,0.01371284965034965,0.0157069493006993,0.021880463286713288,0.03379042832167832,0.029611013986013988,0.020323426573426572,0.01278409090909091,0.010407561188811188,0.009314903846153846,0.008386145104895104,0.008713942307692308,0.007867132867132868,0.010161713286713286,0.00904173951048951,0.007648601398601399,0.5124836101398601,0.16100305944055945,0.31830988618379064,0.0924791032960321,0.06534984674808098,0.15583217372009253,0.05089061117812775,0.07226381776074606,0.034212918249941306,0.0819733242972812,0.07388488286834091,0.04770268551924654,0.04029494564474085,0.03033224432362054,0.06183165977680162,0.01483303559322662,0.05195390289810258,0.005198213000943498,0.07718781456866593,0.06705000068263432,0.06272420640853357,0.08532015765330349,0.0864264670475144,0.07873785204159892,0.03478147504162974,0.05061124157280578,0.03957342914258168,26.58642600088767,27.869813041477435,23.958631885367357,28.71072731416201,0.823061117298259,0.8121082193210469,0.8459534671962969,0.8051403120183938,0.47549815384009225,0.46601125647686736,0.4836174349684991,0.4648937333596066,2430.0015182174775,2592.5829913343823,2112.2332624281894,2688.7281121733154,0.2022051071186975,0.1936667279190012,0.20593502048211101,0.19376582448857274,0.44967222186688105,0.4400758206479892,0.45380063957878136,0.44018839658556735
28.jpg,0.019859047202797204,0.011145104895104896,0.012374344405594406,0.012046547202797202,0.009970498251748252,0.009997814685314686,0.009915865384615384,0.012538243006993006,0.012975305944055944,0.015269886363636364,0.016854239510489512,0.022344842657342656,0.030867569930069932,0.02870957167832168,0.018356643356643356,0.01417722902097902,0.01095388986013986,0.008932473776223776,0.008386145104895104,0.009096372377622378,0.01057145979020979,0.009943181818181818,0.009506118881118882,0.006801791958041958,0.5091783216783217,0.15922749125874125,0.31830988618379086,0.013861677802487687,0.08977791766496293,0.05503651411695758,0.045285183254766576,0.0316657917765379,0.030157747338114067,0.00277673672004349,0.03430118558823461,0.07122118572219387,0.018001427464703387,0.013868845023734056,0.008901027782039193,0.018214339636873116,0.019032024204906458,0.03361124447838488,0.0994126950391831,0.04045149646083365,0.021654434656163447,0.025582526702071208,0.05080086938792464,0.028415552387306402,0.01316787968903061,0.06726835709767684,0.042316637814199774,26.348459289237567,25.84513223892554,21.266121809234676,26.41951664385003,0.8623447302615249,0.863836801332336,0.8989138157910929,0.859553558293672,0.47181498231769553,0.46495936227494095,0.4833584930544014,0.4635709590824281,2288.0059604128073,2271.5913702676003,1678.0449507396813,2343.048107613662,0.20095551008053184,0.1925233081804207,0.20550594856860008,0.19242754340703852,0.4482806153298755,0.4387747807023789,0.45332763931686326,0.4386656396471446
29 (2).jpg,0.02046000874125874,0.010762674825174826,0.011445585664335664,0.01141826923076923,0.011554851398601398,0.009943181818181818,0.010981206293706294,0.01010708041958042,0.010817307692307692,0.012893356643356644,0.015379152097902098,0.022344842657342656,0.03308020104895105,0.03048513986013986,0.019777097902097904,0.013057255244755244,0.010762674825174826,0.009096372377622378,0.008058347902097902,0.009287587412587412,0.009697333916083916,0.00926027097902098,0.008140297202797202,0.007102272727272727,0.5166903409090909,0.1573972902097902,0.3183098861837905,0.11763964347831551,0.11120278179750513,0.15045686876269188,0.007932209598453229,0.049781590921144,0.06899860123675537,0.0566704878229918,0.053655692776544896,0.04295043150040144,0.04472101316296587,0.023924117236111746,0.017466906865001085,0.026148199638039223,0.015459106173768077,0.037917891139354426,0.051487241745589725,0.0322709658835446,0.06021302314074403,0.06412838572622741,0.015709973837029625,0.03724204378750525,0.011638239411896774,0.020818024202938087,0.05168106217810152,26.259840305881017,27.373518011837934,23.299093148242264,28.04246466026357,0.8268728885545632,0.8173974595032645,0.8534609638466598,0.8116797066194836,0.47980842733013757,0.4708627017154784,0.48996305167812176,0.4698571851270082,2399.956646422596,2543.4700182381653,2028.0816166601346,2623.112574097632,0.2059189424136108,0.19793429992581718,0.2106607684908048,0.19762830587923993,0.45378292433013695,0.4448980781323034,0.4589779607898453,0.4445540528206215
29.jpg,0.020186844405594404,0.010789991258741258,0.0116368006993007,0.011090472027972028,0.010598776223776224,0.010926573426573426,0.011500218531468532,0.011172421328671328,0.013548951048951048,0.014996722027972028,0.017209353146853148,0.021498033216783216,0.031031468531468532,0.028053977272727272,0.020268793706293708,0.013794798951048952,0.01010708041958042,0.00849541083916084,0.007757867132867133,0.00934222027972028,0.009642701048951048,0.00980659965034965,0.009943181818181818,0.006501311188811189,0.5168269230769231,0.15327250874125875,0.3183098861837907,0.00723438985039255,0.052720348350102156,0.04010708292401445,0.04200997571050597,0.015191829512311631,0.039078033611607825,0.030913224838532073,0.02982994390765366,0.06526012660366055,0.011667974203168074,0.012627819773873384,0.02548524845757847,0.012082567176573286,0.00832730033957653,0.026335926878427663,0.08699693898510473,0.01843351655134089,0.023905879658643853,0.07491082922114527,0.015204790291495768,0.015259992357268,0.021694366972036614,0.00887335876203667,0.012184207251266215,25.951585694995362,25.422708618315298,20.775246305427423,25.980962152286597,0.859081472923708,0.8621431544781358,0.899274974965277,0.8576070238480948,0.476889573028862,0.4700941842512416,0.48952603011944285,0.46937363948939703,2253.9078947358284,2213.3522571805556,1608.931034483426,2286.1818285439285,0.2063555538171125,0.19811100411667013,0.2112013739860505,0.19775816795594364,0.4542637491778455,0.44509662334898714,0.4595665065973047,0.44470008765002916
30 (2).jpg,0.02054195804195804,0.01065340909090909,0.01125437062937063,0.010516826923076924,0.010598776223776224,0.010544143356643356,0.010462194055944056,0.010789991258741258,0.011882648601398602,0.012674825174825174,0.015215253496503496,0.02097902097902098,0.03324409965034965,0.029501748251748252,0.019804414335664336,0.013275786713286714,0.010243662587412588,0.009232954545454546,0.008304195804195804,0.008932473776223776,0.009588068181818182,0.00904173951048951,0.008768575174825174,0.008222246503496504,0.515816215034965,0.1599104020979021,0.3183098861837907,0.0887135170394949,0.11686999216096092,0.09103858874409428,0.02830024770608374,0.030204890966386067,0.02448335916405132,0.034102820839412726,0.022280432646221003,0.01595073242223497,0.015673160672396193,0.09538211294935355,0.017023827551927558,0.0021001678771574005,0.03040497937778298,0.042846688236007104,0.011807487288818395,0.043664728744525684,0.08076302198847381,0.07344043911074212,0.02253103009933843,0.009186842870478367,0.02290012392193734,0.029681349378165307,0.009150597072535533,26.3604363472665,27.300786593688613,23.131717420521326,27.93952348379362,0.8304551343205595,0.8232806544218425,0.8606854760780978,0.8180879649367175,0.4811968686085138,0.47326742295559365,0.49113495905056775,0.4719845390647723,2446.925832207564,2562.8186844487327,2007.3408531133352,2638.124088005542,0.20702859799924334,0.19866069484994728,0.2114425627175624,0.1984313020629982,0.4550039538281435,0.4457136915666236,0.4598288406761394,0.44545628524356706
30.jpg,0.019831730769230768,0.01048951048951049,0.012046547202797202,0.01103583916083916,0.011527534965034966,0.010789991258741258,0.011390952797202798,0.01286604020979021,0.012319711538461538,0.013357736013986014,0.01638986013986014,0.022344842657342656,0.030785620629370628,0.028518356643356644,0.02046000874125874,0.012920673076923076,0.009970498251748252,0.009833916083916084,0.009014423076923076,0.00904173951048951,0.008304195804195804,0.009642701048951048,0.010516826923076924,0.006938374125874126,0.5161166958041958,0.15354567307692307,0.3183098861837907,0.020861505416224863,0.01488400640466316,0.010519651901177473,0.007771138972962144,0.022243983590222637,0.0012833653188233987,0.02988177718662439,0.017445223383833305,0.011269360230652281,0.035175619309443136,0.06231500560161265,0.010589602709590376,0.01942318441259353,0.022330894399224005,0.01643294144041212,0.00678416485088037,0.045941165030300525,0.07856415729638028,0.048802669272342974,0.0327687246791256,0.024053979725390466,0.03907814856022476,0.04821296447624544,0.029081039029106505,26.71986054879628,26.36730506154249,21.195364979856613,26.546454628345884,0.8564350186026541,0.8599031496700705,0.9008575225170891,0.8585089246831933,0.4787428636249451,0.47154243766514586,0.4893715381322545,0.47060202614436325,2405.003936121272,2355.9023027800813,1658.657019705127,2379.3479252150596,0.20781067023803218,0.1994831112143634,0.2124349324312742,0.19940702856806383,0.4558625563018224,0.44663532239889336,0.46090664177387836,0.4465501411578143
31 (2).jpg,0.02013221153846154,0.010407561188811188,0.011609484265734266,0.011664117132867132,0.009915865384615384,0.009915865384615384,0.010243662587412588,0.010134396853146854,0.01210118006993007,0.011582167832167832,0.015133304195804196,0.02242679195804196,0.03138658216783217,0.031004152097902096,0.019804414335664336,0.01333041958041958,0.010407561188811188,0.009314903846153846,0.008003715034965034,0.00887784090909091,0.008713942307692308,0.009232954545454546,0.0078944493006993,0.007512019230769231,0.5198317307692307,0.1594187062937063,0.3183098861837907,0.08402110065199236,0.07200037696862724,0.06429277834905767,0.022891838279008595,0.011838281191628396,0.02316416589017564,0.030767550888186303,0.01662641805293428,0.03186576869703508,0.021559216865313355,0.044894153061872284,0.0016317971592042602,0.013361586780195367,0.04352796269708525,0.0239871604963236,0.04561925558579795,0.017641827331729056,0.07442745932640678,0.01792372979562175,0.009819010513837862,0.03059457985374964,0.04753835648364261,0.058352690086000615,0.015148741592033778,26.03087044533268,26.86930004558144,22.76836094940596,27.64164386683043,0.8317915824922946,0.8269960335066904,0.8646500825058825,0.8194825279527699,0.4856932464938478,0.47709743826287415,0.4941837626523816,0.4753799215194419,2433.5618533501874,2515.33812129335,1954.9051164361772,2624.578431370769,0.21026852393153883,0.20264319887824866,0.2142198449872504,0.20172523948115761,0.45855045952603607,0.4501590817458298,0.4628388974440787,0.4491383300066446
31.jpg,0.020869755244755244,0.010762674825174826,0.011554851398601398,0.010325611888111888,0.011199737762237762,0.010789991258741258,0.01218312937062937,0.011773382867132868,0.0118006993006993,0.013494318181818182,0.01516062062937063,0.023000437062937064,0.029447115384615384,0.029255900349650348,0.019258085664335664,0.01316652097902098,0.012237762237762238,0.010762674825174826,0.00926027097902098,0.008741258741258742,0.008331512237762238,0.009560751748251748,0.008686625874125874,0.006747159090909091,0.5198317307692307,0.15179742132867133,0.31830988618379075,0.07111973515732632,0.023212321967584357,0.07506794404944743,0.03680641970079945,0.006938622714617868,0.05025675203013695,0.01957838774168978,0.02153357061219785,0.022913063170680717,0.01824086639129877,0.03538817633170243,0.07114308421395875,0.015850986040493804,0.026390511698355813,0.03959433642055327,0.021775825118065324,0.009200386750684067,0.03134154345210701,0.07475434345418018,0.10204256742059631,0.02938561693932688,0.009545427058724822,0.009420565670750615,0.019733939175691332,26.52530364371301,26.470531235732675,20.926108374393298,26.317772457802935,0.8559704935105581,0.8578748928777116,0.9016218902557349,0.8605450856130565,0.4824847779038943,0.47582873350438326,0.49423997757203564,0.47391138315172837,2398.0828834896774,2375.7498859993457,1635.7720555313997,2331.115196076883,0.2099159686979642,0.2020140851739854,0.2148130568490578,0.20155173387963649,0.45816587465454495,0.4494597703621375,0.46347929495184337,0.4489451345984679
32 (2).jpg,0.019558566433566432,0.0118006993006993,0.011937281468531468,0.010462194055944056,0.010352928321678322,0.009069055944055944,0.009151005244755244,0.010052447552447552,0.012838723776223776,0.013412368881118882,0.01371284965034965,0.02114291958041958,0.033189466783216784,0.030594405594405596,0.020623907342657344,0.014122596153846154,0.010516826923076924,0.008167613636363636,0.00819493006993007,0.007348120629370629,0.008631993006993006,0.007921765734265734,0.007675917832167832,0.007320804195804196,0.5246940559440559,0.15750655594405594,0.31830988618379075,0.050000137460991495,0.06218962999951602,0.05318634098581532,0.04486385982295216,0.021892768181499513,0.01424472336489632,0.033230426789529595,0.033433499160918215,0.06945534152133741,0.03309884268265611,0.030757930233888443,0.01685229235378964,0.03139993275522295,0.02549069245222718,0.0313900179513753,0.07868894256249946,0.02560491933722364,0.02640632079596303,0.08268729754588498,0.011018271417004998,0.03654561988207847,0.00943140765324934,0.03206149298374477,0.016004951945997783,26.30122582095135,27.19066347467371,23.033643081067783,28.144607843118056,0.8323178265782697,0.8281707438917577,0.8659646785007149,0.8182117003283411,0.48766698173151674,0.48085303121480133,0.49848388053407683,0.4780878899787687,2509.7783400798075,2584.645633833177,2002.8000447837321,2734.4489854062604,0.21403927685273266,0.20646980497879927,0.2193820954417069,0.2062093818954583,0.4626437904616603,0.45438948599059736,0.46838242435183974,0.45410283185139716
32.jpg,0.020077578671328672,0.01095388986013986,0.0116368006993007,0.010844624125874126,0.009888548951048952,0.010161713286713286,0.01027097902097902,0.011582167832167832,0.012374344405594406,0.014122596153846154,0.017127403846153848,0.020760489510489512,0.027835445804195804,0.027398382867132868,0.018821022727272728,0.013931381118881118,0.011472902097902098,0.011882648601398602,0.00887784090909091,0.008768575174825174,0.008823208041958042,0.009888548951048952,0.008823208041958042,0.006911057692307692,0.5239838286713286,0.15278081293706294,0.31830988618379064,0.12420902545000312,0.11758988826114126,0.04342324650423559,0.01396168081920587,0.0546709522560313,0.014250050978456422,0.03990828389118212,0.057578042721849874,0.0071522095576882095,0.07425247010432331,0.06397773175805756,0.04917319390597374,0.060296951276683025,0.03640062031158495,0.022609851850277574,0.014797313928537411,0.10006782895788392,0.0818362299152568,0.043531037398797386,0.03373737795949462,0.08727689690040538,0.04716640361813856,0.05326703542510773,0.10817055010748332,25.928081421491154,26.27428180572794,20.7145096283118,26.009404924743983,0.8590066317854663,0.8573823518220928,0.9010356213596442,0.8621779706652923,0.48652988076724213,0.47876110883984563,0.49911571118663506,0.4776301983830726,2298.047627079469,2333.8353853153535,1610.810904613358,2255.3585271303486,0.21512850452360535,0.20721771281222762,0.22113470496314694,0.20747557856736024,0.4638194740668026,0.4552117230610693,0.4702496198437027,0.45549487216362844
moderateDem0.jpg,0.01953125,0.009670017482517482,0.012073863636363636,0.012893356643356644,0.01248361013986014,0.011773382867132868,0.01256555944055944,0.01333041958041958,0.01333041958041958,0.01723666958041958,0.021279501748251748,0.024857954545454544,0.031850961538461536,0.03032124125874126,0.022454108391608392,0.016526442307692308,0.012538243006993006,0.010844624125874126,0.00926027097902098,0.010052447552447552,0.007921765734265734,0.008850524475524476,0.009588068181818182,0.007757867132867133,0.48240821678321677,0.15859921328671328,0.31830988618379086,0.12529174478914137,0.1855465940381133,0.20542360135367496,0.035879660561151265,0.07169532005579556,0.044201770251647274,0.048841654071836806,0.07393054263004013,0.05122894873278155,0.10450815574593186,0.11313439395878047,0.06698494720593519,0.07691933128122219,0.03443884846774362,0.03775268569459279,0.10726882694371907,0.14998907926662372,0.17661982833036605,0.025942561618779073,0.08775120017919422,0.11819737408887822,0.03333151187197329,0.07257958015202379,0.11446764583111231,25.591767881229632,26.52485180117113,21.437919838789647,25.768581851331678,0.8159508804777245,0.8059886557856323,0.8579781317665696,0.8125169719735675,0.4406139592025835,0.4305915270333069,0.451378905839563,0.43208522051171333,1975.2805330624863,2088.468821248267,1522.6312136145,2018.193627449881,0.1754622467250752,0.16786648773667348,0.18068491675698456,0.16723760348936192,0.4188821394199987,0.4097151299826179,0.4250704844575598,0.40894694458983544
moderateDem1.jpg,0.019940996503496504,0.01027097902097902,0.011309003496503496,0.012674825174825174,0.012647508741258742,0.011773382867132868,0.01286604020979021,0.012374344405594406,0.015570367132867132,0.017018138111888112,0.021935096153846152,0.026879370629370628,0.030949519230769232,0.0310861013986014,0.021115603146853148,0.014067963286713286,0.010926573426573426,0.010680725524475524,0.010079763986013986,0.01048951048951049,0.009943181818181818,0.010462194055944056,0.00972465034965035,0.00704763986013986,0.4821623688811189,0.1560041520979021,0.31830988618379086,0.05287714407777279,0.04626423302134728,0.00475071510575486,0.043476288769018635,0.02462243526835891,0.03300222252589131,0.037213666852562645,0.016517540557208558,0.07417054920552979,0.031198641063141904,0.04226310320298208,0.03379795876205125,0.055446511060640837,0.021058141297939207,0.002184664117131148,0.1008804192178015,0.030096300668519104,0.0292715929966537,0.055968689993606,0.05036350549364341,0.031402943891821467,0.03443038849979122,0.02731523373755156,0.08778809429048864,27.701248313077308,27.87653898767115,23.444805194814627,28.34604423162868,0.8490857759395181,0.8461165615179135,0.8826812399408034,0.8423756670897398,0.43787072439261704,0.4299617954188912,0.4482903251744546,0.42819271738966114,2276.1112235706064,2326.186730504721,1767.979959696184,2382.736149109318,0.17492052598133218,0.16726218868512416,0.18023034013888045,0.16670364416237066,0.4182350128591964,0.40897700263599684,0.42453544038028257,0.4082935759504069
moderateDem10.jpg,0.019995629370629372,0.010352928321678322,0.012920673076923076,0.011609484265734266,0.01087194055944056,0.01087194055944056,0.01095388986013986,0.012811407342657342,0.015269886363636364,0.016799606643356644,0.02190777972027972,0.027780812937062936,0.03365384615384615,0.030812937062937064,0.021006337412587412,0.015024038461538462,0.012428977272727272,0.009396853146853146,0.008304195804195804,0.00811298076923077,0.008522727272727272,0.009615384615384616,0.010161713286713286,0.008823208041958042,0.47910292832167833,0.16288789335664336,0.3183098861837907,0.017802531741099897,0.0006937961933524763,0.02033038949011174,0.033761415075499,0.05745210794669009,0.03701619881389631,0.024071516740821575,0.013753275797519428,0.057978586403930686,0.03531424304713197,0.0521835466510487,0.03753945079157972,0.010002230724904455,0.013957827779397322,0.07494102561358941,0.06745065891501356,0.08231542052150012,0.04991883159683564,0.04602399666644663,0.04726823258983954,0.041733990176308654,0.06893649286233633,0.11253146732400025,0.03714410255411527,30.762426900567526,30.51362289099667,25.67722794448045,29.83766529865797,0.7916100469459766,0.7920379115992795,0.8386729302838932,0.7999621282750986,0.433610643076565,0.42542068823320656,0.44557675006326825,0.4237617770665727,2748.8165766966226,2751.7645918814815,2125.7090237357847,2646.910966710552,0.17283079251266087,0.16472611468933931,0.17783245097535025,0.16396546894909508,0.4157292298030785,0.4058646507018557,0.4217018508085425,0.40492649820565596
moderateDem11.jpg,0.019722465034965036,0.009888548951048952,0.013275786713286714,0.012319711538461538,0.011773382867132868,0.013002622377622378,0.011472902097902098,0.01240166083916084,0.014723557692307692,0.01852054195804196,0.02283653846153846,0.02633304195804196,0.031659746503496504,0.031659746503496504,0.021197552447552448,0.014914772727272728,0.010216346153846154,0.009997814685314686,0.00904173951048951,0.00980659965034965,0.009915865384615384,0.010407561188811188,0.01010708041958042,0.008468094405594406,0.47904829545454547,0.15728802447552448,0.31830988618379075,0.15247067924874758,0.12466999929436619,0.10316206591952072,0.027648827681403098,0.01916504786510761,0.046605048429825664,0.054045476904299665,0.059148403646092244,0.09063818388020795,0.08921601942350711,0.12242040927543216,0.07273600605004259,0.08867563179282999,0.08646608033363501,0.09782043675702821,0.07404019166565562,0.06713814455795493,0.13288033123585077,0.07552136159214866,0.04244498759001156,0.01658250470994396,0.05972893238795645,0.05798262413999034,0.045686577542268486,27.710357624815725,27.60123119013377,23.615035826251905,28.14044687640843,0.8258269363643101,0.8253549533181179,0.8647124510312877,0.8228688869100728,0.43407173168456364,0.42678406952542297,0.4456266362743229,0.42404551122430745,2211.375787223267,2222.819254444628,1716.1733094498352,2254.461012310563,0.17225759556389186,0.16446267049047134,0.17770139197596774,0.1637480546273724,0.41503926990574264,0.40553997397355457,0.4215464292055713,0.40465794768838087
moderateDem12.jpg,0.021279501748251748,0.009943181818181818,0.012155812937062938,0.011063155594405594,0.010544143356643356,0.011063155594405594,0.010598776223776224,0.012620192307692308,0.015133304195804196,0.018028846153846152,0.021771197552447552,0.026715472027972028,0.032533872377622376,0.0315777972027972,0.020787805944055944,0.015078671328671328,0.011363636363636364,0.008741258741258742,0.008440777972027972,0.008522727272727272,0.007457386363636364,0.00887784090909091,0.010325611888111888,0.008987106643356644,0.4801955856643357,0.16619318181818182,0.31830988618379064,0.017831978182381338,0.01272844913705156,0.021424685807562877,0.03688411246578281,0.05275766781572059,0.013084864349398746,0.01283196513164226,0.02699263089616454,0.07148552063677036,0.09160926119727107,0.007761573720786003,0.024172204618524328,0.03856064250902607,0.00804986907754507,0.0158552879863808,0.11519519315546373,0.08252809913719085,0.025875715850705555,0.043401806389529556,0.08398802190693702,0.06784518939702427,0.04651204434517742,0.017414982725292363,0.03160951970429241,31.187753036419736,31.191233470111275,26.176108374395632,30.229024167786694,0.7898703531084281,0.787016841152381,0.8343385948337052,0.7978984037211956,0.43432354227558373,0.425243609323408,0.4465791874453397,0.4257187839854008,2813.6282051266467,2860.707022341946,2215.8039632789764,2714.5501025974177,0.1733872988519699,0.16555398563134838,0.17842157819877064,0.16481544492117395,0.41639800534100774,0.4068832579885149,0.4223997847996263,0.4059746850742962
moderateDem13.jpg,0.019585882867132868,0.009151005244755244,0.014231861888111888,0.012510926573426574,0.0118006993006993,0.01218312937062937,0.012237762237762238,0.013603583916083916,0.014450393356643356,0.018247377622377624,0.022536057692307692,0.029146634615384616,0.03294361888111888,0.029529064685314684,0.021361451048951048,0.01494208916083916,0.011664117132867132,0.009069055944055944,0.008468094405594406,0.010789991258741258,0.010352928321678322,0.010544143356643356,0.009670017482517482,0.0078944493006993,0.4787204982517482,0.1543651660839161,0.31830988618379086,0.13435073455005886,0.10552335813524585,0.09809631145240266,0.002096736679147832,0.014677644692108928,0.03620152263539241,0.08407767413918571,0.05721631334909832,0.09433028384984085,0.1081859049350254,0.103612269053173,0.05774635877318753,0.07218789670002168,0.06466404255481353,0.058561446762215655,0.06132150264363649,0.08553107847150279,0.08427391299621866,0.08346489604049534,0.03765395871642327,0.014523158861435782,0.02525963134674365,0.04474055187745509,0.06280495249826593,29.031882591077007,28.88953488370256,24.90427675773566,29.376481988125075,0.8222648659888563,0.8218806849984022,0.8588411384362866,0.8187078005010416,0.434555799678445,0.4269951312573014,0.4442927069376737,0.42459591699154536,2419.069894285657,2430.322560417985,1919.5584415592427,2473.614512082309,0.17285980524218236,0.16547060462945745,0.17795858866699937,0.1644559999940728,0.4157641221199616,0.40678078203063806,0.42185138220349516,0.4055317496745141
moderateDem14.jpg,0.019777097902097904,0.010626092657342658,0.013193837412587412,0.011691433566433566,0.01065340909090909,0.010298295454545454,0.011309003496503496,0.012920673076923076,0.014586975524475524,0.018465909090909092,0.020514641608391608,0.027070585664335664,0.033380681818181816,0.030621722027972028,0.020705856643356644,0.014641608391608392,0.011008522727272728,0.00934222027972028,0.007703234265734266,0.00865930944055944,0.00857736013986014,0.008741258741258742,0.010462194055944056,0.009123688811188812,0.4800590034965035,0.1658653846153846,0.31830988618379064,0.034706957596956495,0.03541972387843206,0.05280541003488531,0.07819677624726892,0.09160906767596701,0.05594136850934055,0.039360238499403,0.05528775422655699,0.090519652513203,0.09707985695382704,0.049028817930124896,0.05967769686075424,0.051377530752017744,0.046181256134542936,0.031982078127578285,0.12258360005994189,0.10382048670438702,0.03119003249665032,0.07834908392127105,0.074225111042571,0.07921132992795986,0.05176147996486501,0.024756926358751,0.045765918412216666,30.51147098513795,31.191575467375788,26.013882669066177,29.706338349273903,0.7928770810998693,0.7827929324110607,0.8326443698713804,0.799106557245831,0.4329379066180619,0.42360756684228146,0.44469163240365395,0.42429566882615866,2709.6683535747475,2850.297993614203,2187.0842476497583,2636.2225832176514,0.17229175420238593,0.16428453188906944,0.17703155945812643,0.16375597881157927,0.4150804189580447,0.40532028309605905,0.42075118473763856,0.4046677387827936
moderateDem15.jpg,0.018657124125874124,0.009833916083916084,0.011664117132867132,0.013767482517482518,0.011855332167832168,0.013029938811188812,0.011527534965034966,0.013193837412587412,0.015843531468531468,0.018821022727272728,0.022863854895104896,0.028463723776223776,0.03400895979020979,0.030676354895104896,0.02054195804195804,0.014040646853146854,0.012647508741258742,0.009833916083916084,0.009642701048951048,0.008522727272727272,0.01010708041958042,0.010352928321678322,0.009478802447552448,0.008331512237762238,0.4774093094405594,0.15488417832167833,0.31830988618379086,0.14457878644034386,0.09249572527408369,0.1059040254704148,0.08618938393958768,0.047431807449316,0.038878240645128376,0.10910493395571647,0.07605592854263037,0.13236855393791033,0.11941898720614245,0.11258186093772224,0.004260578093557579,0.12021828388157706,0.11653777801011232,0.11912337588911685,0.16136669065978204,0.11312042087504726,0.10213488928915497,0.1319915952094532,0.12513122228085505,0.14339920839445044,0.061070410912599085,0.08210209841548101,0.04770768590151441,28.676788124140465,28.719391244852016,24.651701746539295,28.981019151829045,0.8217702459727787,0.8194173686402323,0.8572484984251422,0.8174814425104784,0.4325457402453582,0.42411142974644883,0.4433729191948029,0.4241401191232498,2343.973571748591,2380.966769264325,1875.696260636649,2406.491792064181,0.17139826117784482,0.16349337974530978,0.17629154503431307,0.16328649770081394,0.41400273088211004,0.4043431460347879,0.41987086709405436,0.4040872402103461
moderateDem16.jpg,0.019913680069930068,0.009833916083916084,0.012374344405594406,0.012920673076923076,0.013111888111888112,0.012292395104895104,0.011855332167832168,0.013439685314685314,0.014832823426573426,0.016444493006993008,0.020623907342657344,0.02641499125874126,0.030812937062937064,0.030758304195804196,0.020514641608391608,0.014450393356643356,0.010462194055944056,0.009670017482517482,0.008987106643356644,0.008604676573426574,0.008031031468531468,0.008987106643356644,0.01010708041958042,0.008905157342657342,0.47847465034965037,0.16717657342657344,0.31830988618379075,0.057661215727244766,0.057454175315687694,0.0850789968440103,0.056482683318192145,0.055053462299226655,0.045453089686821234,0.057149655841635255,0.04574184398375004,0.008259674118623809,0.013918500699578475,0.06015702854915113,0.03134665663242921,0.042612113872136585,0.05000714147069401,0.030267505387841655,0.05098635645612645,0.03574667637486992,0.10029220666358112,0.04356440454937362,0.07728776271264712,0.053332309276137566,0.056260226235162754,0.08957279265543715,0.04069307204871008,30.231106612668462,31.201322389399905,26.176556202430117,29.876538987668525,0.7971809377306314,0.782942296723551,0.8312503559245235,0.7982333660530075,0.431929366084499,0.4242252572679942,0.443649420664175,0.4232315261067724,2683.818657218401,2880.995953030444,2230.6229847748154,2678.0383606913715,0.17062078033878691,0.16311071255612783,0.17606890247264803,0.16269999110695132,0.4130626833045887,0.4038696727363022,0.41960565114479575,0.4033608695782863
moderateDem17.jpg,0.019066870629370628,0.010134396853146854,0.012592875874125874,0.01294798951048951,0.012592875874125874,0.01286604020979021,0.010680725524475524,0.012428977272727272,0.01516062062937063,0.017619099650349652,0.021771197552447552,0.028518356643356644,0.03447333916083916,0.03206949300699301,0.020815122377622376,0.015187937062937062,0.012210445804195804,0.01027097902097902,0.008604676573426574,0.008249562937062938,0.007703234265734266,0.00865930944055944,0.009861232517482518,0.00849541083916084,0.4791575611888112,0.15786166958041958,0.31830988618379075,0.17476462544440755,0.11526960833654462,0.13801573747204726,0.06677183416358315,0.08468226633943879,0.01867693068697689,0.034684404231085986,0.03151493178849738,0.03598156378649866,0.080645968496771,0.0514231082040083,0.01599698841294516,0.07294618251827535,0.0645206465406519,0.04093023995186112,0.10830328640811261,0.15344322307414,0.13936377257334331,0.10949006300027422,0.06449470359206935,0.15389031616716595,0.18687017643632525,0.13289648738659884,0.1055917206982228,28.19157669814177,28.531292749640485,24.16961486790081,28.375455996334956,0.8258252036329365,0.8195505661270646,0.8589811064491244,0.8210109327956882,0.4336336716224662,0.4257123741128258,0.4449032261027912,0.4257903157404704,2282.0709064315924,2370.4178636556203,1845.9663009411902,2351.234211124851,0.1718603902822348,0.16386172272879912,0.17655062501468785,0.16383668471090873,0.41456047843738647,0.4047983729324997,0.42017927723138354,0.40476744522121433
moderateDem18.jpg,0.020241477272727272,0.010544143356643356,0.011855332167832168,0.013111888111888112,0.011691433566433566,0.01125437062937063,0.012428977272727272,0.012510926573426574,0.013876748251748252,0.016799606643356644,0.02029611013986014,0.026961319930069932,0.031331949300699304,0.030184659090909092,0.018821022727272728,0.015297202797202798,0.011828015734265734,0.009997814685314686,0.008413461538461538,0.008713942307692308,0.008686625874125874,0.009123688811188812,0.010380244755244756,0.008331512237762238,0.47981315559440557,0.16750437062937062,0.31830988618379075,0.11072149168671613,0.12717321606399207,0.09149803698769429,0.07645407852461338,0.06275963151723644,0.07891278815525588,0.033012157304582734,0.06368292934141467,0.02302460587952242,0.09280328378962975,0.08095948526182038,0.050443141634186076,0.040609876539019624,0.09161394670978895,0.07482911802563111,0.02213977690669074,0.13386147840583315,0.08155599665168804,0.0284263542288345,0.040720456715381756,0.04783241695119249,0.1486083153882112,0.08728408498225863,0.053079774673970445,30.186965811948713,31.35801413586536,26.70879982088081,30.35693114453069,0.8003840967851881,0.783878656530335,0.8275961498179466,0.7958619222304291,0.43308099741318073,0.4244682330825726,0.4447468937688466,0.42434911992458646,2677.031320286342,2907.2012653879333,2309.6461598755923,2746.005870951248,0.17132129071114421,0.16401392497817088,0.17663736404234015,0.1628478393598673,0.4139097615557577,0.4049863269027374,0.4202824812460545,0.40354409840792776
moderateDem19.jpg,0.019203452797202796,0.010516826923076924,0.012510926573426574,0.011855332167832168,0.013029938811188812,0.011828015734265734,0.012428977272727272,0.012265078671328672,0.013385052447552448,0.017455201048951048,0.022317526223776224,0.02903736888111888,0.03275240384615385,0.030894886363636364,0.020678540209790208,0.015024038461538462,0.012975305944055944,0.01057145979020979,0.008604676573426574,0.00819493006993007,0.008304195804195804,0.009123688811188812,0.009642701048951048,0.008386145104895104,0.4786112325174825,0.1604020979020979,0.31830988618379075,0.1835388824748779,0.12887639523549166,0.13085461806250223,0.04033542482070889,0.06736801168117744,0.00885200766275434,0.035865747457205104,0.06404346650384261,0.019609162969220807,0.07802240309303705,0.09587245407758926,0.03994212297168341,0.060629969746740134,0.11536193760043056,0.07500808020716641,0.05730290229839924,0.1414636074111771,0.15004545453254484,0.08226166044580026,0.04216232754998107,0.10086892047560904,0.14431653280974202,0.09307394388196472,0.061306806977335364,28.488866396747188,29.361263109876536,24.61469995522739,28.654753761952385,0.8287824451448003,0.817134172450589,0.8571809133508139,0.8223903600474799,0.43269264706423954,0.4235808913903193,0.44360644351156675,0.4253134621060558,2332.6779689596733,2497.7948586395464,1944.00744514186,2425.9997150007694,0.17157763523271194,0.1633293338620542,0.17608164013623334,0.16337423229305442,0.41421930813605484,0.4041402403399768,0.41962082900665615,0.40419578460574573
moderateDem2.jpg,0.01800152972027972,0.009833916083916084,0.012729458041958042,0.013084571678321678,0.012292395104895104,0.012292395104895104,0.01316652097902098,0.012975305944055944,0.013794798951048952,0.016690340909090908,0.020705856643356644,0.025595498251748252,0.030102709790209792,0.03127731643356643,0.023819930069930068,0.015570367132867132,0.01201923076923077,0.010216346153846154,0.009833916083916084,0.009123688811188812,0.009287587412587412,0.008304195804195804,0.007976398601398602,0.007839816433566434,0.4809331293706294,0.1625327797202797,0.31830988618379064,0.060877663740370104,0.16966818128058572,0.1183374035037703,0.05495137877710692,0.0430465187808663,0.08909864303372902,0.029402173443486387,0.09050202753962801,0.04440624926540405,0.09304433958313194,0.14729906730964898,0.03603381929028979,0.04984652044998244,0.09198284757737793,0.03625955411633136,0.03159399915624963,0.12546834332205514,0.18850742669946297,0.1207123691196072,0.027432585586101427,0.07754267884974769,0.14271299782000318,0.04395769592150856,0.050990791285596214,25.431117858737775,25.766757865923804,21.12774294671626,25.468422252608935,0.8149627413788981,0.8095779574611612,0.8580262371708531,0.8136524782431055,0.43890437331054105,0.43019733936494126,0.4503308627191927,0.4299418670816663,1941.4761583436737,2003.902416779592,1488.0985221679844,1961.024281804702,0.1740560381769151,0.16651847077628537,0.1789555960982463,0.16563953896112454,0.4172002375082199,0.40806674794239894,0.4230314363002427,0.4069883769361535
moderateDem20.jpg,0.019148819930069932,0.0116368006993007,0.011828015734265734,0.013767482517482518,0.012538243006993006,0.011363636363636364,0.011445585664335664,0.011882648601398602,0.013057255244755244,0.016144012237762236,0.021252185314685316,0.026906687062937064,0.03223339160839161,0.029747596153846152,0.02190777972027972,0.015952797202797204,0.011855332167832168,0.009396853146853146,0.00857736013986014,0.009615384615384616,0.008905157342657342,0.009151005244755244,0.009588068181818182,0.008140297202797202,0.47904829545454547,0.16490930944055945,0.3183098861837906,0.135930204149678,0.12440648488536434,0.09981746519579579,0.03940636925638654,0.02256397983659553,0.004427680266736391,0.03607399437146672,0.018016078431187004,0.05700790889120377,0.11105076414959077,0.06979696055982017,0.034012104988923965,0.06400325770815445,0.05455301812742338,0.02912500323393059,0.042140416046424635,0.11192347754977473,0.08578166837630852,0.01828554746826014,0.016873793582812897,0.04472869222810787,0.08055086758868339,0.040809190956489466,0.08469689434596431,28.726383265843133,30.339831281330365,26.259404388725454,29.38360693112658,0.8025077188114442,0.7810941910993318,0.8198775504768553,0.7920049935187051,0.4344455241952707,0.42555528097337536,0.44537137802573973,0.4255327502779836,2459.284581645192,2734.5592225244854,2240.525078370793,2598.262083901704,0.1714186981829228,0.16349298337364482,0.17633797078050054,0.16314979049675318,0.4140274123568665,0.4043426558918127,0.41992614919828525,0.4039180492336944
moderateDem21.jpg,0.019039554195804196,0.00972465034965035,0.011882648601398602,0.012756774475524476,0.013303103146853146,0.011991914335664336,0.01171875,0.013494318181818182,0.013794798951048952,0.016581075174825176,0.022454108391608392,0.028135926573426572,0.03365384615384615,0.030758304195804196,0.021361451048951048,0.01630791083916084,0.01240166083916084,0.010844624125874126,0.008440777972027972,0.008031031468531468,0.008795891608391608,0.00926027097902098,0.01065340909090909,0.007921765734265734,0.4776278409090909,0.15906359265734266,0.31830988618379064,0.21221157589367004,0.1433076468057929,0.13644044762644958,0.042818505954123336,0.03982315036409206,0.04487645890828745,0.01457692058769811,0.017409408923222694,0.05312622029310986,0.040238110217390384,0.03659342821029133,0.08763039678483005,0.07078969311566213,0.021556736966613543,0.07524873442186159,0.10049847883864922,0.1124616407814398,0.06469101887340145,0.05947964060713623,0.1017873098077273,0.07172713754110575,0.01490228061839738,0.1223679334501582,0.026066822128609154,28.46924201528076,29.838349293186475,25.19810792656695,29.07028043773797,0.8317107589991674,0.8143906576625302,0.8525989310234059,0.8218542579675997,0.4331240534233241,0.42427073057379716,0.4445641970732225,0.4251226722898306,2354.5757984693364,2603.5463976271676,2060.4633340805476,2498.8543091639217,0.17181531694163898,0.16365521471944044,0.1756182173852405,0.1630831407649103,0.41450611206789095,0.40454321736922055,0.4190682729403892,0.403835536778167
moderateDem22.jpg,0.02037805944055944,0.010817307692307692,0.011309003496503496,0.01095388986013986,0.01363090034965035,0.013111888111888112,0.011609484265734266,0.011773382867132868,0.012756774475524476,0.017209353146853148,0.017701048951048952,0.02810861013986014,0.03209680944055944,0.029774912587412588,0.02114291958041958,0.015980113636363636,0.010899256993006994,0.00895979020979021,0.009178321678321678,0.008823208041958042,0.008768575174825174,0.01010708041958042,0.010352928321678322,0.008631993006993006,0.478829763986014,0.1670946241258741,0.31830988618379064,0.11293050768111454,0.11535612142516652,0.13833028393702207,0.009679650236347889,0.0717327870528203,0.030805329399924336,0.025603270634357654,0.0340143125064007,0.060598624452346636,0.0533383267001707,0.04771897794060098,0.026337285287947973,0.0062115237691823975,0.013551654025797086,0.07903685148452604,0.05193839140898581,0.0443088797306014,0.03927441474706805,0.05611305436570435,0.0018214457126732731,0.06184795580127378,0.018748280069581017,0.14907221887130737,0.10372361070266098,29.02997076021999,31.07421340627243,26.99686520377381,29.843479252146537,0.8006714693962506,0.7760874634571496,0.8152200206988619,0.7897335278008769,0.4346847593625131,0.42669485014251424,0.4456987563960426,0.4261425337747678,2550.655195680212,2874.6973324194973,2361.789128975446,2699.5025649777667,0.17105798696032512,0.16352624204225477,0.17641579865322746,0.16286058498293499,0.4135915702239652,0.40438378063697705,0.42001880749941123,0.40355989020582184
moderateDem23.jpg,0.020678540209790208,0.010380244755244756,0.011609484265734266,0.01248361013986014,0.01218312937062937,0.013002622377622378,0.011855332167832168,0.014122596153846154,0.012319711538461538,0.015898164335664336,0.020869755244755244,0.028654938811188812,0.03294361888111888,0.02911931818181818,0.02190777972027972,0.016007430069930068,0.011937281468531468,0.011309003496503496,0.010380244755244756,0.008987106643356644,0.009478802447552448,0.00895979020979021,0.008686625874125874,0.007757867132867133,0.47806490384615385,0.1604020979020979,0.31830988618379075,0.21102816190967166,0.11613845096767982,0.10674033749985484,0.015555768503825012,0.037399905986459966,0.03851482589557461,0.05543221106115522,0.03670593680142625,0.0014404911130656319,0.05511932221031256,0.03556707984054418,0.0017422804464072266,0.018086676564699443,0.019002814586756286,0.06358253367015688,0.02865723861554737,0.05216039484644654,0.06943475668584045,0.12421901016326746,0.035725575824075165,0.06330548591005486,0.025879576398466688,0.03195205176714039,0.09313370231360664,28.35599415203294,29.92755357955189,25.63927451859608,29.446021431810497,0.8338819048774373,0.8150894120809835,0.8502383826307067,0.8207230085197319,0.434116445548921,0.4246962692196985,0.4442115025262786,0.4234507728486431,2369.0511695894415,2643.5438326476424,2133.926612181773,2563.004046965997,0.17093573605191217,0.1626943976368247,0.17582522214306553,0.16239846111495504,0.4134437519807406,0.4033539359381841,0.41931518234266874,0.40298692424811383
moderateDem24.jpg,0.021716564685314684,0.010981206293706294,0.01240166083916084,0.011828015734265734,0.012428977272727272,0.011554851398601398,0.0116368006993007,0.012046547202797202,0.013521634615384616,0.01647180944055944,0.016526442307692308,0.025240384615384616,0.03040319055944056,0.029419798951048952,0.02046000874125874,0.01409527972027972,0.01095388986013986,0.00865930944055944,0.008631993006993006,0.009478802447552448,0.010134396853146854,0.01010708041958042,0.010352928321678322,0.009123688811188812,0.4790756118881119,0.1727491258741259,0.31830988618379075,0.0985041570676517,0.09499873705936698,0.113266678505349,0.02145984445623872,0.11428887834413703,0.048214726182771436,0.026269864043441157,0.02919916463247384,0.01130003450153324,0.025327654103661393,0.03684525883936718,0.06593612084728803,0.016803271131103685,0.05145180576499361,0.08181338639846027,0.02440095560172004,0.0679556946477668,0.033418160701630034,0.0337492303527015,0.028377507502537407,0.007901407690121208,0.09593042942526947,0.07831343766847652,0.021694584628014737,29.281488978843225,31.180289557662284,27.144424540988418,29.869357045123845,0.7973379348656983,0.7737625558450187,0.8138844592898355,0.7892885432475957,0.4349763265617777,0.42628313460363215,0.4454914775161999,0.4271655226683557,2616.7537674300333,2931.288531689759,2400.234158084306,2730.1231190132885,0.17107960175407952,0.1631842309702023,0.17653235616787105,0.16302136770402675,0.4136177000009544,0.4039606799803692,0.42015753732126604,0.40375904659094236
moderateDem25.jpg,0.020787805944055944,0.009970498251748252,0.011746066433566434,0.012975305944055944,0.013111888111888112,0.012319711538461538,0.012210445804195804,0.011855332167832168,0.012838723776223776,0.016253277972027972,0.019968312937062936,0.028627622377622376,0.033571896853146856,0.02955638111888112,0.021279501748251748,0.015051354895104896,0.01324847027972028,0.01095388986013986,0.009670017482517482,0.00887784090909091,0.009478802447552448,0.010789991258741258,0.009123688811188812,0.008003715034965034,0.47910292832167833,0.1586265297202797,0.3183098861837906,0.22334780896620923,0.13791316599182785,0.10580860173946635,0.028614294918539215,0.017501625087289,0.02859167065003145,0.0032338487269478696,0.016209830218656344,0.07201038817069537,0.06215517615543278,0.03824173605363762,0.13130259835027588,0.06462728617713484,0.04308275876056382,0.08613382432281898,0.13429493518652208,0.08315599874984336,0.08487055324552287,0.07623734984053761,0.13902798340194783,0.07133935571492242,0.00540900837952408,0.14900781964713394,0.043648565508230736,28.715530814200907,30.069653442753328,26.04226377072356,29.77644778839842,0.8344231578093932,0.8177792128458466,0.8497955199593217,0.8209785343115055,0.4360643298453693,0.4245826437075917,0.44500540875366373,0.4260392018033481,2443.0202429137335,2695.1351459170996,2214.296182266942,2647.8156064734676,0.1719827166798002,0.163820962645337,0.17648604205593602,0.1640029114505164,0.41470798965030825,0.4047480236459926,0.4201024185314053,0.4049727292676834
moderateDem26.jpg,0.021197552447552448,0.01095388986013986,0.013139204545454546,0.011582167832167832,0.011472902097902098,0.01087194055944056,0.011363636363636364,0.01210118006993007,0.014149912587412588,0.014969405594405594,0.018465909090909092,0.026141826923076924,0.030676354895104896,0.02955638111888112,0.0196951486013986,0.014313811188811188,0.01010708041958042,0.009888548951048952,0.008222246503496504,0.009369536713286714,0.009779283216783216,0.00972465034965035,0.010789991258741258,0.0078944493006993,0.481288243006993,0.1722847465034965,0.3183098861837907,0.08480229616023438,0.07117719592189097,0.058937364738345474,0.01001568634135306,0.09593338979269335,0.04092952199507423,0.026739147871208326,0.02800741903191642,0.030462418612939392,0.06604672221293596,0.09310698457306496,0.007371994801464594,0.024299947785151807,0.05321878423383482,0.07618508222337139,0.021461119047684808,0.10764713187378769,0.08983504636698135,0.07664102334290471,0.0345405745311997,0.023576391867826094,0.0263961130060188,0.11615619189212759,0.03003852514025351,29.394230769216414,30.980962152282064,27.213446036735043,29.98922708616297,0.7957325503201346,0.7738769239448771,0.8117687818165398,0.7884478241316618,0.43653544955201473,0.4296237003093275,0.44834418129159587,0.4279131720860008,2649.2916104349792,2943.3935818493856,2438.262651143047,2753.7274281787154,0.17312184464872524,0.1660755022996699,0.17824422310564875,0.16540572070084691,0.4160791326763759,0.4075236217689349,0.42218979512258314,0.40670102126850743
moderateDem27.jpg,0.019340034965034964,0.01095388986013986,0.013603583916083916,0.012319711538461538,0.013412368881118882,0.013029938811188812,0.01133631993006993,0.01218312937062937,0.012920673076923076,0.01417722902097902,0.019749781468531468,0.027726180069930068,0.03228802447552447,0.029146634615384616,0.02242679195804196,0.016007430069930068,0.01218312937062937,0.010298295454545454,0.009451486013986014,0.008741258741258742,0.008905157342657342,0.010544143356643356,0.010926573426573426,0.007730550699300699,0.48027753496503495,0.1603201486013986,0.31830988618379097,0.20377072960774972,0.08012153044529986,0.0942574205306511,0.019554454382900148,0.029192878912775833,0.04357405948708631,0.037387739714366784,0.03981229194004795,0.030103817089529545,0.09687150844918276,0.02413246444586736,0.05964271747010954,0.08397318578348037,0.053058575581847275,0.03352918976743717,0.07116833625590069,0.0982717841983485,0.025373248366099457,0.06852491189510279,0.013981340426646992,0.10581716201478196,0.02591574494411733,0.018375055478003825,0.09332571765878671,29.103969860534608,30.425729594143277,26.57870577699352,30.24897400818821,0.8347042228910291,0.8192282180235255,0.8478930636819965,0.8199794218436283,0.43593434631288136,0.42614737388766244,0.4455447728043165,0.427341844702933,2498.643162391882,2739.3006155933185,2297.2759740269694,2727.9173506594325,0.1730289052645502,0.16506057439396518,0.1780089368881479,0.16526915848110613,0.41596743293742383,0.40627647531448974,0.42191105328984674,0.40653309641541624
moderateDem28.jpg,0.020733173076923076,0.010789991258741258,0.012155812937062938,0.011746066433566434,0.011145104895104896,0.012155812937062938,0.01057145979020979,0.013303103146853146,0.013303103146853146,0.016581075174825176,0.018711756993006992,0.02496722027972028,0.03125,0.030703671328671328,0.020733173076923076,0.013521634615384616,0.010899256993006994,0.00904173951048951,0.008795891608391608,0.008932473776223776,0.009833916083916084,0.009833916083916084,0.009615384615384616,0.009178321678321678,0.4813428758741259,0.1701540646853147,0.31830988618379064,0.05048659558212552,0.04862727227584602,0.06940259459721002,0.018077856312402194,0.09706530747408401,0.05769806025375708,0.03317295363750957,0.021885091505764072,0.06442102677942378,0.06752447047905266,0.08938146000794174,0.003018177608622718,0.022864006233515515,0.07507247322800073,0.028937459023154484,0.07014776862224328,0.0780822535156664,0.11320466320961536,0.044474078881529724,0.020794143911337187,0.013902171954545144,0.07584899566962888,0.007424053695859021,0.0771087153757662,28.93494152045392,30.518866849044603,26.912393640854418,29.7121523027621,0.7960377571315291,0.7738319250611827,0.8104050016365937,0.7872904429272913,0.4386786193838127,0.430023525301761,0.4487085420673887,0.43028244134761146,2575.539192531287,2866.7087893277558,2391.0231191232742,2696.1203830351596,0.17438641778382657,0.1665915623597989,0.17893651917617842,0.16652391926209553,0.41759599828521654,0.4081562964843234,0.42300888782173174,0.4080734238615589
moderateDem29.jpg,0.020104895104895104,0.011063155594405594,0.012674825174825174,0.013303103146853146,0.012073863636363636,0.0116368006993007,0.011390952797202798,0.01248361013986014,0.012046547202797202,0.015570367132867132,0.017619099650349652,0.026633522727272728,0.03127731643356643,0.029501748251748252,0.020678540209790208,0.015652316433566432,0.012155812937062938,0.01018902972027972,0.010544143356643356,0.009069055944055944,0.009205638111888112,0.00972465034965035,0.010407561188811188,0.007184222027972028,0.48142482517482516,0.16638439685314685,0.31830988618379064,0.1700504964025814,0.039367457156063546,0.10003636414736487,0.025138557181288098,0.014906972498547002,0.023329867772062415,0.021595689487564212,0.0554083925290562,0.06863579431414517,0.0188846872034573,0.00838141435308297,0.020718651074175837,0.03547740428831602,0.024098754989960877,0.05146866850286884,0.04573549091096957,0.01195033271914448,0.0320440105989814,0.10635616754765051,0.027635057501532955,0.021646565757786257,0.03075303806827143,0.03474068055027113,0.07446282459434804,28.561459739077478,29.769835841293943,26.186464397682798,29.831452348362127,0.8360664973805577,0.8220130619345,0.8485190364531175,0.8211050300608519,0.43896231443174144,0.42858031150636355,0.44783615037040286,0.42942891415160167,2419.9591205565894,2634.0551185573718,2234.140170175545,2647.493217052581,0.17387623806294564,0.1657199398654486,0.17872738631704366,0.16611101086478688,0.4169846976364308,0.4070871403832951,0.4227616187842076,0.4075671857065862
moderateDem3.jpg,0.020241477272727272,0.009287587412587412,0.012128496503496504,0.013139204545454546,0.012729458041958042,0.013057255244755244,0.011664117132867132,0.013084571678321678,0.014668924825174826,0.016936188811188812,0.021170236013986012,0.02657888986013986,0.03163243006993007,0.028381774475524476,0.02106097027972028,0.016198645104895104,0.012920673076923076,0.009888548951048952,0.009560751748251748,0.009588068181818182,0.010626092657342658,0.010926573426573426,0.00980659965034965,0.007539335664335664,0.4794307255244755,0.15775240384615385,0.31830988618379086,0.06329428228503282,0.00792327913398625,0.08667198361423416,0.09855910932554288,0.06279665673289553,0.012316865356889682,0.014644863828797785,0.007440293256770377,0.04106622268773937,0.052365771887815674,0.033263590092907455,0.047033202903967786,0.0106515336622988,0.004733668649965971,0.022559498602767895,0.09757860117915056,0.05412210162499778,0.0569697081895187,0.0789196462793114,0.05037613169233778,0.04028489100033949,0.0031773602880394835,0.013088199388786761,0.027320195427840567,27.68842780025673,27.8914158686562,23.34432377967769,28.519151846767663,0.8455779967501111,0.8437094776812126,0.8816731288490756,0.8383819906106307,0.43717706571677084,0.4286568350603815,0.4479824276537953,0.42867423297640894,2293.3196693645705,2326.478112173723,1755.8136475600209,2405.780950750919,0.17409725682859767,0.1663992270739406,0.17954018000362648,0.16598029918818752,0.41724963370696644,0.4079206136908756,0.4237218191262122,0.4074067981614783
moderateDem30.jpg,0.020241477272727272,0.0118006993006993,0.012374344405594406,0.012374344405594406,0.012073863636363636,0.011199737762237762,0.010899256993006994,0.012265078671328672,0.01439576048951049,0.015051354895104896,0.017946896853146852,0.023382867132867132,0.032342657342657344,0.03155048076923077,0.020268793706293708,0.013822115384615384,0.011309003496503496,0.01027097902097902,0.008550043706293706,0.00857736013986014,0.00926027097902098,0.009533435314685314,0.00934222027972028,0.00942416958041958,0.48240821678321677,0.16933457167832167,0.31830988618379075,0.0137447705588597,0.019221932386492033,0.041841851494999374,0.0319947088494611,0.060094373511876,0.007802004985644782,0.07154010319337024,0.012222359648021193,0.0187705655049224,0.046514274078429486,0.03042032376529505,0.05973964691820784,0.015460864590781696,0.017081577700673277,0.028887791398246807,0.04450242390588652,0.009480501543922383,0.0628041551636657,0.0937362966294174,0.09566694627203451,0.05573381581102921,0.015405760726608117,0.02758670908347537,0.00897648252540389,28.053981106599203,29.69664842679328,26.474361845063363,29.09621523025939,0.794748867414128,0.7710626546408447,0.8056529714200876,0.7827674810791998,0.4404076809052794,0.43101910436108204,0.44973287922100824,0.4316999653604082,2433.2637201967186,2724.4093137237373,2300.986957009445,2585.1190720457585,0.17448655867390908,0.16676375091902498,0.17993367701991086,0.16678755758561706,0.4177158827168403,0.4083671765935957,0.42418589912903854,0.4083963241578174
moderateDem31.jpg,0.020869755244755244,0.01141826923076923,0.012838723776223776,0.012428977272727272,0.012729458041958042,0.0118006993006993,0.011309003496503496,0.01210118006993007,0.012319711538461538,0.01455965909090909,0.018547858391608392,0.025950611888111888,0.03324409965034965,0.02870957167832168,0.021279501748251748,0.01532451923076923,0.012920673076923076,0.010243662587412588,0.008686625874125874,0.009506118881118882,0.009642701048951048,0.01048951048951049,0.010298295454545454,0.00811298076923077,0.48041411713286714,0.16425371503496503,0.3183098861837906,0.15705206002510977,0.05567545502656671,0.09109649974157615,0.029493971237793588,0.03611090655742913,0.0072846544996937185,0.05300420190743844,0.05750783900433239,0.05367886034736943,0.07192893278157511,0.060269495400345756,0.024278580618955745,0.0694031483894427,0.0032847500596628644,0.054340987981447327,0.023131207044760856,0.08921147590850587,0.05785823938370874,0.11397315013423341,0.015955296146338834,0.08030068247679259,0.044495756023148696,0.05907877783899688,0.048358771989362954,28.01231443993253,29.126994984021447,25.62651141962585,29.231076151372516,0.8394916958321534,0.8262846282244939,0.8521305270819909,0.8256054643847541,0.43951447392429976,0.42909911838362236,0.4484968420638569,0.4297123062408392,2342.197705801802,2541.527131781325,2155.7859382006045,2551.463577289763,0.1736056411125986,0.16579735985997543,0.1788520453445266,0.16600349627090594,0.4166601026167476,0.4071822194791607,0.422909027267717,0.40743526635639427
moderateDem32.jpg,0.020241477272727272,0.011063155594405594,0.012155812937062938,0.01401333041958042,0.01057145979020979,0.011445585664335664,0.01133631993006993,0.012920673076923076,0.01371284965034965,0.01516062062937063,0.018356643356643356,0.023683347902097904,0.03179632867132867,0.029692963286713288,0.02046000874125874,0.012674825174825174,0.010735358391608392,0.009287587412587412,0.009478802447552448,0.00887784090909091,0.009833916083916084,0.009314903846153846,0.010434877622377622,0.008550043706293706,0.48442963286713286,0.1697716346153846,0.3183098861837909,0.01691007761645538,0.019586749745753626,0.009888892252797482,0.04141068127151535,0.06562534741300928,0.01566079319046103,0.05320685086943189,0.037294697996679727,0.03150229214495975,0.04586031123498238,0.04587641608672501,0.04584447997068836,0.00705416658599108,0.014208933564429833,0.020298127720243607,0.07075533060876003,0.09728797050171549,0.10701029196675099,0.10327830897250885,0.012815804215706248,0.06951253156493672,0.03745976892736271,0.048631906956572726,0.028492518645381836,26.250618533500628,27.80711354307567,24.831728616221582,27.39734382123368,0.7946384174579939,0.7709001459759159,0.8043867871067893,0.7800814650700858,0.44423201342251756,0.43524539923917877,0.45431433780547403,0.43555589800703787,2132.8839968500665,2388.5887482885973,2028.9602552627612,2292.8645690821036,0.17666520293610635,0.1687571364767275,0.18179908531126496,0.16873170533612744,0.4203155992062469,0.41080060427989573,0.4263790394839607,0.4107696499695753
moderateDem33.jpg,0.02029611013986014,0.01171875,0.013303103146853146,0.011991914335664336,0.0116368006993007,0.011746066433566434,0.011199737762237762,0.012756774475524476,0.012729458041958042,0.015105987762237762,0.017345935314685316,0.026442307692307692,0.03258850524475525,0.027999344405594404,0.02114291958041958,0.015625,0.012073863636363636,0.01048951048951049,0.00819493006993007,0.008550043706293706,0.010352928321678322,0.010216346153846154,0.009970498251748252,0.007402753496503497,0.4847847465034965,0.16433566433566432,0.31830988618379075,0.15886107422113466,0.09107560070838823,0.1106081536514849,0.016853665174041053,0.034456104814974284,0.0007332132829128815,0.02014541755449849,0.043033021642129715,0.03240510339581329,0.05448058022767766,0.06330859746944582,0.05557781819016572,0.06668508570492976,0.030707198958014232,0.0339343883781279,0.04963388670544741,0.08655164510878473,0.03436461281625556,0.05638827409169062,0.016212097473114178,0.022889932612640745,0.03728009471946655,0.09876882431760928,0.10428531007801263,27.68218623480437,28.657717738240198,25.3054187192229,28.874715002261564,0.8432437768549418,0.8306692732583217,0.8555119210250249,0.8294285965701808,0.44388683556130665,0.43342143406656425,0.4520296857298022,0.4339224373008662,2308.6485042723807,2500.6709986304286,2125.923421407066,2518.993274052225,0.17703647552424992,0.16921576203994063,0.18101465259926966,0.16884551314231983,0.4207570267081109,0.4113584349930613,0.4254581678605661,0.4109081565779874
moderateDem34.jpg,0.020815122377622376,0.011909965034965034,0.012702141608391608,0.011445585664335664,0.01133631993006993,0.01018902972027972,0.010544143356643356,0.012456293706293706,0.013904064685314686,0.016089379370629372,0.019886363636363636,0.023929195804195804,0.030430506993006992,0.029829545454545456,0.020350743006993008,0.012893356643356644,0.011117788461538462,0.00934222027972028,0.008386145104895104,0.0078944493006993,0.009533435314685314,0.009888548951048952,0.010161713286713286,0.00972465034965035,0.4865329982517482,0.1687062937062937,0.3183098861837907,0.052713143094189376,0.03137569989308446,0.05843262862592795,0.047903767726694774,0.06578920006014033,0.007022115798655432,0.03099828936098073,0.02201956562896462,0.07422917297053011,0.07192582416826512,0.04255686760766202,0.015763549373542313,0.005578952870418035,0.030457668675590483,0.011557554308736836,0.06050960112000971,0.08581305580382129,0.11214297605780553,0.10207273570715211,0.0030758616603717946,0.07387638369448596,0.047439564151121716,0.03556818086764168,0.07319331529231174,25.95563427799043,27.327291381653595,24.263602776543124,27.023141814850117,0.7942772588847793,0.7739200307238522,0.8061358849277654,0.7787409550048457,0.4452275005460141,0.43631152952839397,0.45509323545888053,0.43747561894819825,2067.136752135773,2280.3770519822515,1945.4280116442524,2231.750341995978,0.17822105941745545,0.17018094327197775,0.18313304955801554,0.17048369243172173,0.4221623614410165,0.41252993015292566,0.42794047431624826,0.41289670915583926
moderateDem35.jpg,0.021088286713286712,0.011281687062937062,0.013139204545454546,0.01210118006993007,0.011500218531468532,0.010981206293706294,0.01125437062937063,0.012729458041958042,0.014887456293706294,0.014668924825174826,0.01647180944055944,0.026305725524475524,0.03190559440559441,0.029173951048951048,0.02190777972027972,0.016608391608391608,0.013221153846153846,0.009833916083916084,0.008987106643356644,0.009178321678321678,0.008768575174825174,0.009670017482517482,0.010325611888111888,0.006610576923076923,0.48563155594405594,0.16176791958041958,0.31830988618379064,0.12049875887138155,0.08278724679606474,0.11641050992389894,0.014673508556541034,0.050528863069512577,0.07322169504681679,0.05817962282602152,0.016489111165601714,0.03401096953137451,0.07306267434758444,0.03475181649254717,0.023311297935652623,0.028163772294841155,0.012264145470685056,0.022494325543625515,0.044614501004874955,0.04319725630550797,0.07150969845150582,0.08472812376600905,0.08272627919477181,0.08959937125494621,0.02989331218935593,0.08377688526749345,0.039123031382994326,27.256072874481355,28.257067943438273,24.926836094949824,28.45177838575547,0.8466654178918613,0.8329831899966377,0.8582785937003021,0.8325792458487318,0.44461494889432784,0.4353744180131,0.4543151692084101,0.43492863017063915,2235.2720422841116,2441.5746124015345,2063.9446372601406,2447.47976516037,0.17831096975048372,0.17020020912759568,0.1831772586789061,0.17022515658105888,0.42226883587411906,0.41255328035006056,0.4279921245524339,0.4125835146743734
moderateDem36.jpg,0.02054195804195804,0.011554851398601398,0.011145104895104896,0.012046547202797202,0.010680725524475524,0.00972465034965035,0.010161713286713286,0.0118006993006993,0.013958697552447552,0.018383959790209792,0.019968312937062936,0.025622814685314684,0.031331949300699304,0.029173951048951048,0.019859047202797204,0.01455965909090909,0.01065340909090909,0.008331512237762238,0.008631993006993006,0.009560751748251748,0.008905157342657342,0.008550043706293706,0.01048951048951049,0.008604676573426574,0.48806271853146854,0.16769558566433568,0.31830988618379064,0.08501867208468981,0.07239938524042172,0.052828220275298175,0.07719683988561603,0.05014975436595388,0.05382309307191336,0.06240565552559588,0.06932496882012253,0.09331317414764564,0.0708335326528087,0.03293554040514999,0.0010637908775534563,0.03569651727261389,0.015328035043902741,0.03610573612425078,0.07613674059446542,0.09986152132398049,0.04154371264900006,0.05753335577287168,0.02087478011185424,0.08389419568995989,0.011875297639035888,0.03257442837605083,0.00635363894934743,29.218454790809222,30.601174190586175,26.839061800281105,30.33282033741739,0.791972392506559,0.7744084642448643,0.8087038370223617,0.7776412212750048,0.445241653554967,0.43594514231354725,0.4551786386120086,0.43703964271438095,2615.4701416990633,2847.3292293642758,2401.909818630697,2806.5266187851626,0.1789853976366989,0.17100740010935567,0.18399833210146158,0.17149928759012598,0.4230666586209541,0.4135304101385479,0.4289502676318801,0.4141247246785997
moderateDem37.jpg,0.02174388111888112,0.01018902972027972,0.011964597902097902,0.012456293706293706,0.011909965034965034,0.010981206293706294,0.01065340909090909,0.012592875874125874,0.013548951048951048,0.01486013986013986,0.018547858391608392,0.024994536713286712,0.03299825174825175,0.02947443181818182,0.021525349650349652,0.016799606643356644,0.012073863636363636,0.010626092657342658,0.00904173951048951,0.00934222027972028,0.010025131118881118,0.009232954545454546,0.009232954545454546,0.007675917832167832,0.4869700611888112,0.16053868006993008,0.31830988618379075,0.05998573484555216,0.07839408681899582,0.0821396708820955,0.07367965583797753,0.08339385709392201,0.01539219992193119,0.03467519862900586,0.04588981610537249,0.03923535711848535,0.05789669599527265,0.06597037117584977,0.057156283449587196,0.044855566522495824,0.040885606397220345,0.050799048728750795,0.03890357180683495,0.08402489375121855,0.06935156045376786,0.0893560198682401,0.055444950183004334,0.04791386954292117,0.0365007057438222,0.07701859861521498,0.06827245156193967,27.810447593329567,28.88007295939765,25.4917711598862,29.176356589128602,0.8486112570101343,0.834033423593105,0.8594792434804004,0.8338338491919233,0.4468945768918158,0.4374044611635013,0.45495342060372673,0.4362028913847542,2343.801113359173,2577.000854991499,2173.3252910891965,2580.0996922008044,0.18002286347103544,0.17158913156187075,0.18475968590147587,0.17175333258239267,0.4242910127153714,0.41423318500799855,0.4298368131064112,0.41443133639047214
moderateDem38.jpg,0.021170236013986012,0.010762674825174826,0.012756774475524476,0.011090472027972028,0.011008522727272728,0.01057145979020979,0.009888548951048952,0.010598776223776224,0.01371284965034965,0.016690340909090908,0.02114291958041958,0.024612106643356644,0.03428212412587413,0.028928103146853148,0.018110795454545456,0.013521634615384616,0.01103583916083916,0.008468094405594406,0.008604676573426574,0.00819493006993007,0.00887784090909091,0.009888548951048952,0.00980659965034965,0.008440777972027972,0.48961975524475526,0.1682145979020979,0.31830988618379075,0.07165238185590146,0.02182178196254638,0.030227906049264414,0.09904685867866406,0.08957206932805876,0.06133753653167715,0.047406312260635214,0.0159977676418944,0.01370875271981647,0.05902717667982636,0.042664130670685835,0.057586754159977355,0.047957979970466004,0.06873711122247211,0.004947220615520723,0.07491368544688624,0.04542385165350664,0.08633191399151162,0.059496898123808956,0.01425890880809119,0.05083322807745518,0.048609810036913795,0.05584395823940817,0.08049399048624763,28.930443094902763,30.29571363427069,26.16787953427081,30.14734382122956,0.7894655423140583,0.7733012134728536,0.8118269578355256,0.7750928815392639,0.4468874886164925,0.4375077962133059,0.4573272356636205,0.437217839010282,2583.658569499374,2793.139192884586,2306.0904052853675,2771.0641814847017,0.18005374959598186,0.17148420922238183,0.18467756853172324,0.17162586294978557,0.424327408490168,0.4141065191739703,0.42974128092577196,0.4142775192425792
moderateDem39.jpg,0.020924388111888112,0.010352928321678322,0.012237762237762238,0.01201923076923077,0.011199737762237762,0.011309003496503496,0.009970498251748252,0.011773382867132868,0.014368444055944056,0.01516062062937063,0.01775568181818182,0.026114510489510488,0.032725087412587416,0.030348557692307692,0.021088286713286712,0.015980113636363636,0.012592875874125874,0.011008522727272728,0.009915865384615384,0.009751966783216784,0.009697333916083916,0.010079763986013986,0.009314903846153846,0.007320804195804196,0.4865329982517482,0.16045673076923078,0.31830988618379064,0.06765955683934581,0.048742613976917384,0.03121338541781132,0.010238924488708442,0.023781309494442602,0.0370792541681384,0.057366602436638305,0.07070991313088794,0.0021545295228579545,0.025679914801257572,0.11438381890726047,0.01696653868890219,0.03585323649574978,0.04525196332537598,0.06544731790205219,0.018335788114941732,0.05685583342340204,0.09074980834426633,0.06221648156520242,0.047095517524036956,0.04827786555340417,0.03888786444685327,0.07328282119924906,0.03363592709039797,28.041891587931133,29.223780209739203,25.661050156751873,29.41085271315927,0.8508125327427365,0.8347842590723226,0.8607267879777433,0.8362049122074253,0.4466401112632344,0.43775577935189336,0.45487499942597254,0.4363819503558154,2384.2474696344457,2648.1316689449386,2223.529444694247,2625.3609781105056,0.18059955465796765,0.17204335967393974,0.18426807648200688,0.1722120418060163,0.4249700632491278,0.4147810985012935,0.42926457631862297,0.4149843874244142
moderateDem4.jpg,0.019859047202797204,0.010052447552447552,0.011937281468531468,0.012674825174825174,0.01210118006993007,0.011117788461538462,0.011472902097902098,0.01278409090909091,0.01455965909090909,0.016362543706293708,0.021880463286713288,0.02581402972027972,0.0310861013986014,0.031222683566433568,0.02207167832167832,0.015105987762237762,0.011773382867132868,0.009670017482517482,0.008795891608391608,0.008522727272727272,0.00849541083916084,0.008604676573426574,0.00926027097902098,0.008003715034965034,0.48246284965034963,0.1643083479020979,0.3183098861837905,0.04474821706076077,0.04636989571988204,0.022975606034767258,0.06902698508903536,0.04009797103911427,0.04732427806157077,0.01449891654972264,0.07947169267134724,0.09676452026261918,0.07860825030898075,0.11521256798292519,0.0650263346960864,0.09416816266026358,0.06896882507910898,0.04019132483352423,0.13117873427753707,0.13988984110135996,0.12094684802595762,0.10688266775091766,0.021132063140690067,0.1370351114144168,0.0880006131108165,0.08057293160398799,0.09710735809355654,25.594242015282564,25.658515731860795,21.38535602329505,25.336810305504752,0.8120732244405605,0.8087609005710565,0.8542130923362363,0.8147779018868557,0.4388200522988235,0.4303098748092085,0.4514671685294848,0.43160923948763874,1946.882478631565,1987.0847583208676,1508.7581168836425,1924.56463748189,0.1740811373280683,0.16681974491362764,0.17977987009427565,0.16600885987796757,0.41723031688513273,0.40843572923243093,0.4240045637658581,0.407441848461799
moderateDem40.jpg,0.020159527972027972,0.011227054195804196,0.011746066433566434,0.011090472027972028,0.010407561188811188,0.009970498251748252,0.01057145979020979,0.012128496503496504,0.013303103146853146,0.016362543706293708,0.019749781468531468,0.026305725524475524,0.03308020104895105,0.031495847902097904,0.019859047202797204,0.013467001748251748,0.011090472027972028,0.008522727272727272,0.007867132867132868,0.008686625874125874,0.008386145104895104,0.009396853146853146,0.009751966783216784,0.008440777972027972,0.49418159965034963,0.1627513111888112,0.31830988618379064,0.03981669842313641,0.07536934715044834,0.08656888041737174,0.04789709322043602,0.09736529949788283,0.0014770709089657866,0.032394336059773814,0.04934267198640128,0.04725021495906048,0.05651751797363318,0.06437734212072684,0.033641677453183236,0.06500144755021206,0.02901762115110113,0.029867933772419218,0.0461775233210475,0.0694346331458085,0.03590788260491703,0.04724082930578327,0.044100847300615316,0.042483303944746725,0.06370591773629869,0.06148676931552508,0.05677817512360963,28.673639226257016,30.065264477864375,25.888322884024056,30.162106703126426,0.7877225952027048,0.7720070253886504,0.8117696647283315,0.7717624677458542,0.45468594188679395,0.4458065260846581,0.4646643292500098,0.4441376096340711,2577.0864259995897,2779.477200180615,2281.888098970977,2782.4586183292404,0.1859896413373791,0.17787795332293282,0.19038989224080072,0.17739802521981246,0.4312651636028339,0.4217557982090262,0.4363369022221255,0.42118644947316675
moderateDem41.jpg,0.021552666083916084,0.010462194055944056,0.010789991258741258,0.011472902097902098,0.01095388986013986,0.011500218531468532,0.010981206293706294,0.012073863636363636,0.013548951048951048,0.014341127622377622,0.018329326923076924,0.026251092657342656,0.03239729020979021,0.029010052447552448,0.021416083916083916,0.0157069493006993,0.01294798951048951,0.011281687062937062,0.009697333916083916,0.009751966783216784,0.009943181818181818,0.00827687937062937,0.00926027097902098,0.007375437062937063,0.4935806381118881,0.15709680944055945,0.31830988618379075,0.0808347786423988,0.0036082019721235307,0.03237188137212125,0.04397083160348808,0.07036759965107221,0.007297081820594391,0.010325180057871733,0.05023651484647751,0.039729902308046176,0.0431612548136019,0.06137444548625237,0.02846836041677551,0.028115067563138283,0.027198112514780777,0.006242630698061204,0.015448586505532097,0.04398312646262016,0.04519431298631532,0.04934547714310141,0.0929430710789956,0.025048443747280567,0.029467540492569468,0.016477938028461425,0.03181883822995218,27.79627755284356,28.91033971726362,25.134908195264334,29.12237802095727,0.8512179672266406,0.8361282831899,0.8638921660230678,0.8370694051753764,0.45300140444736015,0.4431936649694047,0.4612814614671325,0.4426094363450272,2359.6204453429896,2606.6659256709477,2156.375839678532,2591.695736432458,0.18661393890106234,0.17772962909913145,0.19060131614806863,0.17746872801431773,0.4319883550526129,0.42157992018018536,0.4365791064034886,0.4212703740050061
moderateDem42.jpg,0.019558566433566432,0.011582167832167832,0.011472902097902098,0.012046547202797202,0.01065340909090909,0.009833916083916084,0.009779283216783216,0.011746066433566434,0.013548951048951048,0.016198645104895104,0.019722465034965036,0.026797421328671328,0.03469187062937063,0.030457823426573428,0.021115603146853148,0.014231861888111888,0.01018902972027972,0.007949082167832168,0.00658326048951049,0.008386145104895104,0.008686625874125874,0.009096372377622378,0.009178321678321678,0.008413461538461538,0.4953562062937063,0.16272399475524477,0.3183098861837907,0.031213095946571717,0.14240240972371584,0.11988116315658694,0.03796359921346082,0.06179319060728905,0.018993560121663363,0.051334122207219716,0.023966815321569756,0.0058499358257517045,0.06333406723987756,0.05235312507207997,0.06699777721327095,0.02643929298570135,0.046817825392056575,0.041493501718402104,0.03507769331739889,0.02692448331566493,0.07422842100936203,0.04617022694622354,0.08071721488188713,0.034709780628492844,0.03367165082263485,0.007934215627013439,0.008063290914979402,29.084739091304034,30.684051527566872,26.186744290204775,30.446192430440114,0.7885554607524314,0.7723253337916384,0.8137644129284254,0.7752691935639892,0.4538230211450228,0.44458660547386947,0.46505871846612473,0.4446502447568642,2678.7690620769154,2896.754388962922,2355.9577362303417,2859.2990196059227,0.18579889529802449,0.17761679354062762,0.19019529416083195,0.17709001235816207,0.4310439598208337,0.42144607429732645,0.43611385458482277,0.42082064155428744
moderateDem43.jpg,0.021361451048951048,0.011145104895104896,0.010434877622377622,0.010325611888111888,0.012073863636363636,0.011063155594405594,0.0116368006993007,0.011909965034965034,0.01256555944055944,0.01409527972027972,0.017345935314685316,0.025540865384615384,0.03365384615384615,0.028245192307692308,0.020842438811188812,0.014259178321678322,0.012538243006993006,0.01018902972027972,0.009123688811188812,0.010325611888111888,0.008550043706293706,0.009642701048951048,0.009232954545454546,0.0078944493006993,0.493635270979021,0.16236888111888112,0.3183098861837907,0.029289393195705636,0.03159786606574536,0.033614264609748264,0.0424444968819269,0.038646481147336355,0.03132257568177682,0.02325651828836388,0.015399500824043105,0.03417615691162114,0.05676126963760529,0.042386823947746406,0.048990000871285695,0.004015854872676659,0.015741676939106927,0.011010943539765932,0.01386441036866497,0.04389967764093262,0.041380296575361436,0.05120726220495626,0.0847427613012775,0.009839101869868444,0.03855529423375677,0.012249900045230652,0.004755851727342298,26.578778677450455,27.390104879144204,23.499664128984183,27.788816689449273,0.8531251126855038,0.8411267452933577,0.8705656700773713,0.8393180184497436,0.4526247635230669,0.4439482339835169,0.46213278667635765,0.44433197507531064,2175.0810278892113,2359.7999885986496,1914.8063143760492,2386.6656406733973,0.18512695381066707,0.17692687333753007,0.189348473963592,0.1767814410835787,0.430263818849165,0.42062676250748726,0.4351419009513931,0.4204538513125771
moderateDem44.jpg,0.019777097902097904,0.011691433566433566,0.01010708041958042,0.01201923076923077,0.010243662587412588,0.009915865384615384,0.01057145979020979,0.01133631993006993,0.013139204545454546,0.015734265734265736,0.01893028846153846,0.025595498251748252,0.036276223776223776,0.03163243006993007,0.019749781468531468,0.013931381118881118,0.010161713286713286,0.00819493006993007,0.007348120629370629,0.008386145104895104,0.009069055944055944,0.00942416958041958,0.009943181818181818,0.00827687937062937,0.49806053321678323,0.16048404720279721,0.31830988618379075,0.059488980939419914,0.110095710535403,0.1375831843609813,0.05862424610589273,0.0396227181255394,0.08132723311440979,0.05999912624006225,0.06360180074489827,0.045021761114327756,0.05040131054673137,0.04473973337220355,0.020681743095996786,0.04277932162074241,0.03899806395699867,0.05180679967802875,0.07415685288566397,0.016682492456407523,0.06998422965700542,0.012210722441769772,0.002424215497457301,0.02805369065575486,0.07304706553514667,0.04931531070000009,0.011323031235732896,28.03171390012143,29.901960784294147,25.377239140181572,29.38702690376583,0.7934947832834773,0.7765654439983528,0.8182697792166048,0.7799509125209519,0.4600492817736371,0.44932229053346756,0.4691219324193472,0.44946486797357266,2540.2795209164137,2760.5827633361087,2232.184785043519,2718.754559961774,0.19071732701303312,0.18121251761768317,0.1941400113643422,0.1809675185089356,0.436711949702585,0.4256906360465111,0.4406132219581503,0.4254027720983205
moderateDem45.jpg,0.021416083916083916,0.01087194055944056,0.011937281468531468,0.011390952797202798,0.01125437062937063,0.010544143356643356,0.010626092657342658,0.01218312937062937,0.011937281468531468,0.014887456293706294,0.016198645104895104,0.02633304195804196,0.031031468531468532,0.029228583916083916,0.01852054195804196,0.014586975524475524,0.011117788461538462,0.009888548951048952,0.009205638111888112,0.009588068181818182,0.009014423076923076,0.009533435314685314,0.00942416958041958,0.007593968531468531,0.4983063811188811,0.16337958916083917,0.31830988618379064,0.03044492506913006,0.03714977056637722,0.031066787195784415,0.025748151995600967,0.023963050723092155,0.01440671100287743,0.042316755924532226,0.027853579776261315,0.017094937519416164,0.04361812016179061,0.07625889532049117,0.00047883268347436673,0.0135573898969825,0.021901864577354418,0.005396037936716882,0.011801537595585972,0.0296723392539007,0.04985317838660447,0.03563692109388525,0.03574238517583116,0.03011643599626128,0.028648766181338322,0.029881414011554825,0.0422060082944778,27.130623031926284,27.92852257180164,23.601489028223508,28.262710898294706,0.8579562100547873,0.8483041310702727,0.8792019249597777,0.8463565658108628,0.4580294749619832,0.4477560415052991,0.4672080428159168,0.4479049685630771,2323.201529463556,2488.8174304589757,1973.573723690978,2520.7704058351665,0.1893978697156868,0.18031453031629452,0.1932520925289335,0.18031402754158984,0.43519865546171765,0.4246345844562057,0.43960447282635046,0.4246339924471307
moderateDem46.jpg,0.02021416083916084,0.011281687062937062,0.0116368006993007,0.010352928321678322,0.01010708041958042,0.010325611888111888,0.009697333916083916,0.011937281468531468,0.012838723776223776,0.015215253496503496,0.016963505244755244,0.027015952797202796,0.03616695804195804,0.031058784965034964,0.019121503496503496,0.01371284965034965,0.010762674825174826,0.008550043706293706,0.007839816433566434,0.008713942307692308,0.008795891608391608,0.010325611888111888,0.008631993006993006,0.008085664335664336,0.5015297202797203,0.15911822552447552,0.31830988618379064,0.06768691061521381,0.10699848733709122,0.11433347020007514,0.08341707893003716,0.061846193854175106,0.05526187063802523,0.06529148420598366,0.08241138184971863,0.06780073621170565,0.049330971380508425,0.0035602108808054788,0.05673032884361276,0.012225015152995797,0.035153797913218016,0.03983176058901717,0.050740606376368215,0.0559722728549081,0.06771002096194172,0.013483270036936433,0.07053183383763181,0.07389495676506795,0.06066690072938843,0.005433665708938066,0.028246693472021953,27.104251012133005,28.98860009118132,24.55379534259938,28.583162334683085,0.7997463352341576,0.7832699069790422,0.8240991522765602,0.7848308318044833,0.4667233899179317,0.45540304989904884,0.4757065667443425,0.4557205884813616,2417.645524065394,2628.1650706777855,2120.438591581761,2609.2366051054983,0.19382354349680006,0.18418499234164717,0.1976590628698815,0.1845487417187567,0.44025395341416307,0.4291677904289267,0.4445886445579571,0.4295913659732429
moderateDem47.jpg,0.020924388111888112,0.010899256993006994,0.01256555944055944,0.011500218531468532,0.011281687062937062,0.010598776223776224,0.011008522727272728,0.011554851398601398,0.0118006993006993,0.014040646853146854,0.017209353146853148,0.024912587412587412,0.031523164335664336,0.029010052447552448,0.020815122377622376,0.014259178321678322,0.011554851398601398,0.010243662587412588,0.00972465034965035,0.008850524475524476,0.009205638111888112,0.009069055944055944,0.00904173951048951,0.007648601398601399,0.5003277972027972,0.16042941433566432,0.3183098861837907,0.03494485366486975,0.07340833218066221,0.0751996871186303,0.03121083760488198,0.032988658150309796,0.016185138648879584,0.04962312119801335,0.03907078602709884,0.039496070380573255,0.04291246120823147,0.03920779484482342,0.008905712802526902,0.036980050352975295,0.014195658289117355,0.027551505379547217,0.019163130109301086,0.00950754427718242,0.004937456352412168,0.015118775890777456,0.025497352447319675,0.02338230924037162,0.02255826116614458,0.058691471508922496,0.09021093333866281,26.26956815113535,26.928921568611017,22.49434617107935,27.1398768809683,0.8613742766238851,0.8549417941267224,0.8871232093616244,0.8535518789794246,0.46187883778833017,0.4523834915990345,0.47159700739830546,0.4514479130530994,2227.007984704316,2337.9640902858664,1811.3025078377268,2360.3659370710525,0.19295488837567795,0.1838094379119225,0.19638778340795587,0.18361668432399322,0.43926630689785207,0.4287300291697824,0.4431566127318376,0.42850517420912576
moderateDem48.jpg,0.021006337412587412,0.011527534965034966,0.012237762237762238,0.009670017482517482,0.009697333916083916,0.01010708041958042,0.010079763986013986,0.011390952797202798,0.013275786713286714,0.014423076923076924,0.016526442307692308,0.025376966783216784,0.03297093531468531,0.030130026223776224,0.019258085664335664,0.013876748251748252,0.011008522727272728,0.008304195804195804,0.008823208041958042,0.008631993006993006,0.009396853146853146,0.00934222027972028,0.009205638111888112,0.008031031468531468,0.5052174388111889,0.16048404720279721,0.31830988618379064,0.0657822933174795,0.07899684983486656,0.10249012298347185,0.08081186863435565,0.08320440591717934,0.04193417636516603,0.02592644250708321,0.07385212808475776,0.07898059698941201,0.049402191248922714,0.08132824043172115,0.005705855312736933,0.03371130687247965,0.016630074047380417,0.02282272613859677,0.03580441769889706,0.09366013211547983,0.07342653632210776,0.022989689758523193,0.038407205223022566,0.028599184949524965,0.0682451835339836,0.0550199119915209,0.05400095908992932,27.571018893374582,29.41621067029564,24.977496641301634,29.209416324650395,0.8071538229723476,0.7907419711522187,0.8306254991440905,0.7904890644972549,0.4666118478255192,0.45661811046202777,0.476482088833603,0.45674829641271136,2533.3843904620935,2761.3417122645315,2221.647055531671,2764.6790355659114,0.19677174105263645,0.18729212377733653,0.19984923281641775,0.18736455095099827,0.4435896088194993,0.4327726005390551,0.44704500088516563,0.4328562705460073
moderateDem49.jpg,0.021525349650349652,0.010134396853146854,0.01125437062937063,0.01141826923076923,0.011554851398601398,0.010844624125874126,0.010708041958041958,0.010680725524475524,0.011527534965034966,0.014532342657342658,0.01731861888111888,0.02436625874125874,0.03226070804195804,0.028736888111888112,0.019995629370629372,0.013876748251748252,0.01218312937062937,0.009369536713286714,0.009697333916083916,0.009506118881118882,0.008167613636363636,0.009833916083916084,0.008140297202797202,0.007184222027972028,0.5048623251748252,0.1603201486013986,0.3183098861837907,0.04848820766558491,0.033123218689625485,0.05272121702990101,0.023443200575502608,0.01749334788940851,0.03167509293181805,0.028459136274484344,0.019192524776918296,0.005234114931729385,0.017415270285194892,0.024491534945216272,0.02757628061366872,0.013135133783528347,0.017944246204638345,0.04468994841437211,0.029172128624958073,0.05045184988028028,0.03994517146167376,0.0259436649991889,0.012315066194699137,0.03364300709786862,0.03440640130564666,0.10550186781393782,0.05619139189266619,26.40851327034392,26.72611719104613,22.04411106136205,26.814694482427566,0.861657666684476,0.8580893534601644,0.8926310384467822,0.8571938271887525,0.46634493015135764,0.45819335157898383,0.4765319342759519,0.45739386589951064,2282.368533512249,2349.353568169973,1769.2545342596322,2364.1791495653097,0.19618155667589016,0.1871749780831809,0.20010375381075549,0.18734936008843273,0.4429238723255839,0.4326372361265046,0.4473295807464061,0.43283872295398057
moderateDem5.jpg,0.019722465034965036,0.010134396853146854,0.01201923076923077,0.013494318181818182,0.011991914335664336,0.0118006993006993,0.011527534965034966,0.01324847027972028,0.014586975524475524,0.016854239510489512,0.021388767482517484,0.02827250874125874,0.032888986013986016,0.029392482517482516,0.020869755244755244,0.014832823426573426,0.01201923076923077,0.009970498251748252,0.009451486013986014,0.009069055944055944,0.01010708041958042,0.01065340909090909,0.010243662587412588,0.006993006993006993,0.4802229020979021,0.15824409965034966,0.3183098861837907,0.1397768841008386,0.080377706511314,0.11900478291815156,0.09267531361823049,0.05580927125322052,0.03492593150405475,0.03590134134108209,0.048877421766352465,0.0019514553055778204,0.035491819002954214,0.05530561253074482,0.0474721893237005,0.027555906068735665,0.03517322154419437,0.04558886172537647,0.01732600271903334,0.03228380419589203,0.05951566794477886,0.0569303730341714,0.12489634187774712,0.07287733206297795,0.045633817689165176,0.03685244984425657,0.027219540624558013,28.22863247861892,28.414101687168387,23.65410882222248,29.245839033269725,0.8404763048430499,0.8382990808664758,0.8777647099794835,0.8320960403697568,0.43785280547114697,0.4298427569902076,0.44826672226890985,0.4279686687259372,2386.862123255649,2425.397685817003,1827.3420286617577,2518.438839487699,0.17384317579554798,0.1666312389191075,0.179612038773505,0.1657297301641852,0.41694505129039244,0.40820489820567746,0.4238066053915453,0.4070991650251634
moderateDem50.jpg,0.021798513986013988,0.010407561188811188,0.011773382867132868,0.0118006993006993,0.010025131118881118,0.009670017482517482,0.009751966783216784,0.010735358391608392,0.011828015734265734,0.013275786713286714,0.015297202797202798,0.023847246503496504,0.0348284527972028,0.02947443181818182,0.019777097902097904,0.012920673076923076,0.010516826923076924,0.008795891608391608,0.008413461538461538,0.009396853146853146,0.009943181818181818,0.00926027097902098,0.009915865384615384,0.007484702797202797,0.5060915646853147,0.16296984265734266,0.3183098861837909,0.06459056535691246,0.05891370226074255,0.11123401940490976,0.07015979324760019,0.0489740250016007,0.04670668804675642,0.024931625558683723,0.06009088414264038,0.060789451412985876,0.060271036339501885,0.07772360579618552,0.0017942356640078217,0.004212621307958907,0.02890171621849996,0.020319171170927276,0.06188407577402911,0.09228641226645837,0.11825077207290269,0.028285020243116212,0.01964229735970192,0.032260138493254674,0.06388166371658188,0.07359729587837598,0.049847624958309064,26.382647323424777,28.024110807095468,24.017857142868102,28.30557455538542,0.8136630311092967,0.7979939664759818,0.8344933035277858,0.7949912922164174,0.468931560632376,0.46004110565059614,0.48005225136912455,0.45843441208434266,2339.0962100753404,2547.2725148182612,2074.4217980304948,2585.1358869112414,0.1969320764300677,0.18813812060033536,0.20093408308344154,0.1876749749381944,0.4437702969218058,0.43374891423533884,0.4482567156032819,0.43321469843276833
moderateDem51.jpg,0.021197552447552448,0.011227054195804196,0.011554851398601398,0.010926573426573426,0.010626092657342658,0.008768575174825174,0.01027097902097902,0.011172421328671328,0.012292395104895104,0.014204545454545454,0.016690340909090908,0.025322333916083916,0.03160511363636364,0.028463723776223776,0.020104895104895104,0.015024038461538462,0.010325611888111888,0.009478802447552448,0.009396853146853146,0.008905157342657342,0.008631993006993006,0.00926027097902098,0.00926027097902098,0.007675917832167832,0.5057091346153846,0.16190450174825174,0.31830988618379086,0.06052679297385747,0.034057002348117024,0.0958256433195025,0.019786746734262988,0.01823321091311097,0.0170658128142658,0.01665921773647139,0.03880643639052331,0.019363155198465168,0.00482336682476656,0.036298423658216894,0.022399338414056637,0.016063415067160833,0.02304119133547038,0.03446378959653591,0.049758600503446784,0.0306767877895547,0.056366483388740035,0.046946570149980375,0.020558464332181538,0.04232825553846785,0.036803534423445396,0.07789667107018364,0.04652928521591425,26.254892037775555,26.40121979022519,21.527541424102814,26.41062471498542,0.8639940483251272,0.8608078719947564,0.896565652205764,0.8602950725457414,0.467458399320966,0.4600537300305364,0.47989400629802914,0.45965410729852674,2252.854982005295,2313.8416552652916,1711.2276085990634,2322.366108069652,0.19626683648129742,0.18757978401025943,0.20041459839627748,0.187730734196296,0.4430201310113316,0.43310481873359413,0.44767689062121296,0.43327904887762114
moderateDem6.jpg,0.019749781468531468,0.009833916083916084,0.012347027972027972,0.013467001748251748,0.011691433566433566,0.011063155594405594,0.010680725524475524,0.011828015734265734,0.014259178321678322,0.017045454545454544,0.023382867132867132,0.027289117132867132,0.03048513986013986,0.029365166083916084,0.02089707167832168,0.014723557692307692,0.012428977272727272,0.008304195804195804,0.008823208041958042,0.00926027097902098,0.009178321678321678,0.009506118881118882,0.009751966783216784,0.00819493006993007,0.4812062937062937,0.16523710664335664,0.31830988618379064,0.013082196714608977,0.041292543940126186,0.011162452073220842,0.020847663651654514,0.03412092963793722,0.017881924185004516,0.016444280276372503,0.01648164928626289,0.03847740595401657,0.04684670579892645,0.0257010570130313,0.01096916829981177,0.013469263456162395,0.01960081117539913,0.027675560723660026,0.05822287744634971,0.046324968608127064,0.0676268417693993,0.10085691148689556,0.028185282343788674,0.07155078680186877,0.05638937420703469,0.04066664232845646,0.03435860581302064,29.551338281584943,29.604480164139552,24.620353784157572,29.010373916989938,0.8045818542443198,0.8026256023793403,0.8496249372388277,0.8105284469575827,0.4360228790855874,0.4276618714803515,0.4472452632124072,0.4269350579833971,2589.7058029675472,2623.6519037831004,1990.6645208248256,2518.6012311885725,0.1736497631319246,0.16574528978234762,0.17873472989209185,0.16491593772615995,0.416713046510335,0.40711827493045266,0.422770303938311,0.40609843354310043
moderateDem7.jpg,0.019777097902097904,0.01048951048951049,0.01256555944055944,0.01201923076923077,0.012729458041958042,0.01141826923076923,0.0116368006993007,0.012374344405594406,0.014805506993006994,0.017291302447552448,0.02046000874125874,0.026606206293706292,0.03048513986013986,0.030375874125874124,0.020623907342657344,0.016062062937062936,0.012756774475524476,0.010352928321678322,0.009560751748251748,0.009178321678321678,0.009478802447552448,0.010434877622377622,0.009779283216783216,0.008249562937062938,0.47921219405594406,0.16127622377622378,0.31830988618379064,0.17643450088057602,0.13106890633518337,0.15578001765945113,0.025195774426637455,0.03245771852195614,0.01158212113060468,0.03489871976654023,0.0374012798966257,0.023132535996606914,0.024332464593941963,0.035923525906309844,0.022202486676328754,0.05784895437110501,0.016824151334689313,0.06254476695024411,0.047307889219282535,0.05303948991795949,0.0446896234516169,0.04307344112764994,0.06378411455177715,0.08465378498105261,0.10829341200556403,0.06828785654269103,0.023959343916124524,27.902496626167423,28.003362973079017,23.315158978961502,28.582706338332173,0.8345378743860715,0.8316966003687388,0.8727065233552525,0.8274362218917949,0.43607013684067597,0.4285648886759053,0.44812373045872606,0.42600743644846295,2291.010627529204,2336.1956794331277,1760.9599193916629,2395.3333903314265,0.17302392456219118,0.16524441327465905,0.17859729755638246,0.16480430468455204,0.415961446004544,0.40650266084573056,0.42260773485157893,0.4059609644837198
moderateDem8.jpg,0.019558566433566432,0.010325611888111888,0.012756774475524476,0.012347027972027972,0.01125437062937063,0.010626092657342658,0.010680725524475524,0.01278409090909091,0.014313811188811188,0.018356643356643356,0.021552666083916084,0.026360358391608392,0.034200174825174824,0.03245192307692308,0.020678540209790208,0.015406468531468532,0.010352928321678322,0.008932473776223776,0.007785183566433566,0.008713942307692308,0.007539335664335664,0.00980659965034965,0.00980659965034965,0.008440777972027972,0.4816706730769231,0.16329763986013987,0.31830988618379064,0.02065944987952998,0.030994709262706283,0.011957926469460046,0.013514626482299412,0.023898467122095927,0.005176847227794509,0.01596380246288029,0.009285163431844823,0.05469359107592255,0.05745783241831954,0.055223086463420314,0.03173139527275272,0.03168139474269298,0.020524539250923634,0.017249601486215835,0.04851826860974397,0.06965274067966773,0.056387546367303885,0.07091379158263367,0.016003467255380658,0.07656567180325356,0.06662410590051614,0.04101668540476598,0.03970390252074424,30.162786774611902,30.11126310987549,25.023510971797577,29.377336981285485,0.7977748699288365,0.7975263637150897,0.8460199318812578,0.8053197400656156,0.43416183658177593,0.426101818435548,0.44619437206300927,0.4262670430732317,2689.5949730079483,2701.4083447315024,2045.6909426788463,2597.4289215669805,0.17308864049334352,0.16592738357183495,0.1788254039290613,0.16504820239991697,0.4160392295124866,0.40734185099475717,0.42287752828574526,0.4062612489518499
moderateDem9.jpg,0.01953125,0.010243662587412588,0.013029938811188812,0.012674825174825174,0.012647508741258742,0.011882648601398602,0.012592875874125874,0.01371284965034965,0.013958697552447552,0.017482517482517484,0.020405375874125876,0.028764204545454544,0.03332604895104895,0.030266608391608392,0.020733173076923076,0.014832823426573426,0.012811407342657342,0.009888548951048952,0.009096372377622378,0.009123688811188812,0.010325611888111888,0.010352928321678322,0.009915865384615384,0.00827687937062937,0.47913024475524474,0.15499344405594406,0.3183098861837907,0.1569723351925686,0.12585478909838607,0.13464003216289505,0.011034385358423706,0.05189740311278348,0.02444307102068311,0.03900823237109748,0.012428117985611905,0.08460797811416321,0.07458524132311495,0.059571973368504914,0.04133706768125056,0.03354179675760287,0.048204641865361164,0.04927727436389857,0.08056410611314803,0.08097282836259087,0.05048956266984015,0.08083400792517395,0.061025876280641086,0.062180901508649175,0.07154137318067706,0.03892769356935337,0.09817517280925113,28.46457489877175,28.5312927496401,24.06347962383467,28.870782033725657,0.8292746811362607,0.8268304766701768,0.8686005755526702,0.8254132921246323,0.4346907155464044,0.4263642655436505,0.44483483426917664,0.42575571822322084,2344.4408457028258,2383.9405494741213,1802.8156068076992,2403.450239396561,0.1729305555618066,0.16530975733552553,0.17812314577487415,0.1645279020565097,0.41584919810167553,0.4065830263741042,0.42204637870129175,0.4056203915689024
